product_link,image_url,product_id,description
http://www.anipet.com/product-1.php?item=21637,http://www.anipet.com/prod_images/thumb2-21635-1369953532.jpg,21637,Bad Cuz Small
http://www.anipet.com/product-1.php?item=21605,http://www.anipet.com/prod_images/thumb2-21605-1369953714.jpg,21605,Big Mouth Ring Single Large
http://www.anipet.com/product-1.php?item=21604,http://www.anipet.com/prod_images/thumb2-21604-1369953822.jpg,21604,Big Mouth Ring Triple Small
http://www.anipet.com/product-1.php?item=21606,http://www.anipet.com/prod_images/thumb2-21604-1369953919.jpg,21606,Big Mouth Rings Triple Large
http://www.anipet.com/product-1.php?item=21636,http://www.anipet.com/prod_images/thumb2-21636-1369953349.jpg,21636,Good Cuz Small
http://www.anipet.com/product-1.php?item=21632,http://www.anipet.com/prod_images/thumb2-21632-1369954188.jpg,21632,Invincible Chains Mini
http://www.anipet.com/product-1.php?item=21634,http://www.anipet.com/prod_images/thumb2-21634-1369954298.jpg,21634,Invincible Chains Triple Large
http://www.anipet.com/product-1.php?item=21633,http://www.anipet.com/prod_images/thumb2-21633-1369954425.jpg,21633,Invincible Chains Triple Small
http://www.anipet.com/product-1.php?item=27223,http://www.anipet.com/prod_images/t-27223.jpg,27223,Aqua Kong - Orange/White - Medium
http://www.anipet.com/product-1.php?item=21641,http://www.anipet.com/prod_images/thumb2-21641-1370019218.jpg,21641,Bad Cuz Large
http://www.anipet.com/product-1.php?item=21639,http://www.anipet.com/prod_images/thumb2-21639-1370018671.jpg,21639,Bad Cuz Medium
http://www.anipet.com/product-1.php?item=21680,http://www.anipet.com/prod_images/thumb2-21679-1391455851.jpg,21680,Bamboo Stick Large
http://www.anipet.com/product-1.php?item=21679,http://www.anipet.com/prod_images/thumb2-21679-1391455256.jpg,21679,Bamboo Stick Small
http://www.anipet.com/product-1.php?item=21603,http://www.anipet.com/prod_images/thumb2-21605-1369955262.jpg,21603,Big Mouth Ring Single Small
http://www.anipet.com/product-1.php?item=39267,http://www.anipet.com/prod_images/thumb2-39266-67-1421184366.png,39267,Bionic 54PC/Display
http://www.anipet.com/product-1.php?item=39266,http://www.anipet.com/prod_images/thumb2-39266-67-1421184229.png,39266,Bionic 90PC/Display
http://www.anipet.com/product-1.php?item=39265,http://www.anipet.com/prod_images/thumb2-39265-1408384703.jpg,39265,Bionic Stuffer Regular
http://www.anipet.com/product-1.php?item=39259,http://www.anipet.com/prod_images/thumb2-39259-60-1408382993.jpg,39259,Bionic Toss N Tug Mini
http://www.anipet.com/product-1.php?item=39260,http://www.anipet.com/prod_images/thumb2-39259-60-1408383169.jpg,39260,Bionic Toss N Tug Regular
http://www.anipet.com/product-1.php?item=39263,http://www.anipet.com/prod_images/thumb2-39261-64-1408384326.jpg,39263,Bionic Urban Stick Large
http://www.anipet.com/product-1.php?item=39262,http://www.anipet.com/prod_images/thumb2-39261-64-1408384128.jpg,39262,Bionic Urban Stick Medium
http://www.anipet.com/product-1.php?item=39261,http://www.anipet.com/prod_images/thumb2-39261-64-1408383524.jpg,39261,Bionic Urban Stick Small
http://www.anipet.com/product-1.php?item=39264,http://www.anipet.com/prod_images/thumb2-39264-1422396918.jpg,39264,Bionic Urban Stick XLarge
http://www.anipet.com/product-1.php?item=21619,http://www.anipet.com/prod_images/thumb2-21619-1370033057.jpg,21619,Bouncin' Bowlin' Pin Large
http://www.anipet.com/product-1.php?item=21612,http://www.anipet.com/prod_images/thumb2-21611-1370032767.jpg,21612,Chompion Heavyweight
http://www.anipet.com/product-1.php?item=21678,http://www.anipet.com/prod_images/thumb2-21678-blue-1391454883.jpg,21678,Chompion Light Weight
http://www.anipet.com/product-1.php?item=21611,http://www.anipet.com/prod_images/thumb2-21611-1370032635.jpg,21611,Chompion Middleweight
http://www.anipet.com/product-1.php?item=28698,http://www.anipet.com/prod_images/thumb2-28698-1410466043.jpg,28698,Classic Tuffy KONG XSmall
http://www.anipet.com/product-1.php?item=21670,http://www.anipet.com/prod_images/thumb2-21670-1370016316.jpg,21670,Crackle Heads Cuz Large
http://www.anipet.com/product-1.php?item=21669,http://www.anipet.com/prod_images/thumb2-21668-1370015708.jpg,21669,Crackle Heads Cuz Medium
http://www.anipet.com/product-1.php?item=21668,http://www.anipet.com/prod_images/thumb2-21670-1370017559.png,21668,Crackle Heads Cuz Small
http://www.anipet.com/product-1.php?item=21677,http://www.anipet.com/prod_images/thumb2-21677-1391453197.jpg,21677,Cyberbone Jumbo
http://www.anipet.com/product-1.php?item=21676,http://www.anipet.com/prod_images/thumb2-21676-1391452880.jpg,21676,Cyberbone Regular
http://www.anipet.com/product-1.php?item=21675,http://www.anipet.com/prod_images/thumb2-21675-1391452243.jpg,21675,Cyberbone Small
http://www.anipet.com/product-1.php?item=21684,http://www.anipet.com/prod_images/thumb2-21684-1391459526.jpg,21684,Darwin the Frog Large
http://www.anipet.com/product-1.php?item=21621,http://www.anipet.com/prod_images/thumb2-21621-1370033887.jpg,21621,Darwin the Frog Medium
http://www.anipet.com/product-1.php?item=21683,http://www.anipet.com/prod_images/thumb2-21683-1391459269.jpg,21683,Darwin the Frog Small
http://www.anipet.com/product-1.php?item=19745,http://www.anipet.com/prod_images/thumb2-19745-48-1422311726.png,19745,Dental Kong Large
http://www.anipet.com/product-1.php?item=19727,http://www.anipet.com/prod_images/thumb2-1972-27-1422311599.png,19727,Dental Kong Stick Large
http://www.anipet.com/product-1.php?item=19726,http://www.anipet.com/prod_images/thumb2-1972-27-1422311630.png,19726,Dental Kong Stick Medium
http://www.anipet.com/product-1.php?item=19725,http://www.anipet.com/prod_images/thumb2-1972-27-1422311568.png,19725,Dental Kong Stick Small
http://www.anipet.com/product-1.php?item=19748,http://www.anipet.com/prod_images/thumb2-19745-48-1422311892.png,19748,Dental Kong With  Rope Medium
http://www.anipet.com/product-1.php?item=19747,http://www.anipet.com/prod_images/thumb2-19745-48-1422311877.png,19747,Dental Kong With Rope   Small
http://www.anipet.com/product-1.php?item=19746,http://www.anipet.com/prod_images/thumb2-19745-48-1422311746.png,19746,Dental Kong X-Large
http://www.anipet.com/product-1.php?item=28993,http://www.anipet.com/prod_images/thumb2-28993-1-1352135550.jpg,28993,DogSaver Squeaky Bone 4.5
http://www.anipet.com/product-1.php?item=28994,http://www.anipet.com/prod_images/thumb2-28994-1-1352136283.jpg,28994,"DogSaver Squeaky Bone Large 8.25"""
http://www.anipet.com/product-1.php?item=28992,http://www.anipet.com/prod_images/thumb2-28991-1352133353.jpg,28992,DogSaver Stick Medium 12
http://www.anipet.com/product-1.php?item=28985,http://www.anipet.com/prod_images/thumb2-28984-3-1352141640.jpg,28985,DogSavers PawTrack Small
http://www.anipet.com/product-1.php?item=30132,http://www.anipet.com/prod_images/thumb2-30131-1352138039.jpg,30132,Dogsavers PawTrack With Rope Small
http://www.anipet.com/product-1.php?item=28990,http://www.anipet.com/prod_images/thumb2-28993-1352133944.jpg,28990,DogSavers Retriever With Rope
http://www.anipet.com/product-1.php?item=27407,http://www.anipet.com/prod_images/t-27407.jpg,27407,Extreme Kong - Medium
http://www.anipet.com/product-1.php?item=29513,http://www.anipet.com/prod_images/t-29513.jpg,29513,Extreme Kong - Small
http://www.anipet.com/product-1.php?item=27242,http://www.anipet.com/prod_images/thumb2-27242-1416421416.jpg,27242,Extreme Kong - X-Large
http://www.anipet.com/product-1.php?item=21651,http://www.anipet.com/prod_images/thumb2-21651-1370019604.jpg,21651,Fuzz Cuz Medium
http://www.anipet.com/product-1.php?item=30550,http://www.anipet.com/prod_images/t-30550.jpg,30550,"Gimme Gummy Blue Small 2.5x4"""
http://www.anipet.com/product-1.php?item=30552,http://www.anipet.com/prod_images/t-30550.jpg,30552,"Gimme Gummy Green Large 3x5"""
http://www.anipet.com/product-1.php?item=30553,http://www.anipet.com/prod_images/t-30550.jpg,30553,"Gimme Gummy Purple Large 3x5"""
http://www.anipet.com/product-1.php?item=30551,http://www.anipet.com/prod_images/t-30550.jpg,30551,"Gimme Gummy Tomato Small 2.5x4"""
http://www.anipet.com/product-1.php?item=30554,http://www.anipet.com/prod_images/t-30554.jpg,30554,"Gimme Kitty Green Small 2.5x5"""
http://www.anipet.com/product-1.php?item=30555,http://www.anipet.com/prod_images/t-30555.jpg,30555,"Gimme Kitty Orange Large 4x7.75"""
http://www.anipet.com/product-1.php?item=30586,http://www.anipet.com/prod_images/thumb2-30586-1366997237.jpg,30586,Gimme Octopus Blue
http://www.anipet.com/product-1.php?item=30585,http://www.anipet.com/prod_images/thumb2-30585-1366997095.jpg,30585,Gimme Octopus Pink
http://www.anipet.com/product-1.php?item=21640,http://www.anipet.com/prod_images/thumb2-21640-1370018934.jpg,21640,Good Cuz Large
http://www.anipet.com/product-1.php?item=21638,http://www.anipet.com/prod_images/thumb2-21638-1370018429.jpg,21638,Good Cuz Medium
http://www.anipet.com/product-1.php?item=27226,http://www.anipet.com/prod_images/thumb2-27226-1410454076.jpg,27226,Goodie Bone   Red
http://www.anipet.com/product-1.php?item=26421,http://www.anipet.com/prod_images/thumb2-26421-1410451620.jpg,26421,Goodie Bone - Small
http://www.anipet.com/product-1.php?item=26420,http://www.anipet.com/prod_images/thumb2-26420-1410451254.jpg,26420,Goodie Bone with Rope - X-Small
http://www.anipet.com/product-1.php?item=27225,http://www.anipet.com/prod_images/thumb2-27225-1410453945.jpg,27225,Goodie Xtreme Bone
http://www.anipet.com/product-1.php?item=28547,http://www.anipet.com/prod_images/thumb3-28547-1351196162.jpg,28547,Gumby Large
http://www.anipet.com/product-1.php?item=21653,http://www.anipet.com/prod_images/thumb2-21650-1370038071.jpg,21653,Hol-ee Cuz Large
http://www.anipet.com/product-1.php?item=21652,http://www.anipet.com/prod_images/thumb2-21650-1370037920.jpg,21652,Hol-ee Cuz Medium
http://www.anipet.com/product-1.php?item=21650,http://www.anipet.com/prod_images/thumb2-21650-1370037712.jpg,21650,Hol-ee Cuz Small
http://www.anipet.com/product-1.php?item=21618,http://www.anipet.com/prod_images/thumb2-21617-1370035889.jpg,21618,iSqueak Bone Large
http://www.anipet.com/product-1.php?item=21617,http://www.anipet.com/prod_images/thumb2-21618-1370035781.jpg,21617,iSqueak Bone Medium
http://www.anipet.com/product-1.php?item=21616,http://www.anipet.com/prod_images/thumb2-21616-1370035574.jpg,21616,iSqueak Bone Small
http://www.anipet.com/product-1.php?item=39034,http://www.anipet.com/prod_images/thumb2-39034-1428534172.jpg,39034,Jolly Bone - Blue 6
http://www.anipet.com/product-1.php?item=39036,http://www.anipet.com/prod_images/thumb2-39034-1428534195.jpg,39036,Jolly Bone - Blue 8
http://www.anipet.com/product-1.php?item=39035,http://www.anipet.com/prod_images/thumb2-39035-1428534184.jpg,39035,Jolly Bone - Yellow 6
http://www.anipet.com/product-1.php?item=39037,http://www.anipet.com/prod_images/thumb2-39035-1428534205.jpg,39037,Jolly Bone - Yellow 8
http://www.anipet.com/product-1.php?item=30851,http://www.anipet.com/prod_images/thumb2-30850-52-1410796517.jpg,30851,KONG Bounzer Large
http://www.anipet.com/product-1.php?item=30850,http://www.anipet.com/prod_images/thumb2-30850-52-1410796496.jpg,30850,KONG Bounzer Medium
http://www.anipet.com/product-1.php?item=30852,http://www.anipet.com/prod_images/thumb2-30850-52-1410796540.jpg,30852,KONG Bounzer XLarge
http://www.anipet.com/product-1.php?item=27234,http://www.anipet.com/prod_images/thumb3-27236-1350940314.jpg,27234,KONG Classic Large
http://www.anipet.com/product-1.php?item=27235,http://www.anipet.com/prod_images/thumb3-27234-1350940245.jpg,27235,KONG Classic Medium
http://www.anipet.com/product-1.php?item=27236,http://www.anipet.com/prod_images/thumb3-27236-1350940167.jpg,27236,KONG Classic Small
http://www.anipet.com/product-1.php?item=27240,http://www.anipet.com/prod_images/thumb3-27234-1350940045.jpg,27240,KONG Classic XLarge
http://www.anipet.com/product-1.php?item=27239,http://www.anipet.com/prod_images/thumb3-27239-1350938211.jpg,27239,Kong Extreme XXLarge
http://www.anipet.com/product-1.php?item=27238,http://www.anipet.com/prod_images/t-27236.jpg,27238,Kong Original Red XXLarge
http://www.anipet.com/product-1.php?item=30930,http://www.anipet.com/prod_images/thumb2-30930-1410797209.jpg,30930,KONG Puppy XSmall
http://www.anipet.com/product-1.php?item=30933,http://www.anipet.com/prod_images/thumb2-309331-33-1410798940.jpg,30933,KONG Safestix Large
http://www.anipet.com/product-1.php?item=30932,http://www.anipet.com/prod_images/thumb2-309331-33-1410798854.jpg,30932,KONG Safestix Medium
http://www.anipet.com/product-1.php?item=30931,http://www.anipet.com/prod_images/thumb2-309331-33-1410798689.jpg,30931,KONG Safestix Small
http://www.anipet.com/product-1.php?item=21422,http://www.anipet.com/prod_images/thumb2-21422-1352153957.jpg,21422,KONG Squeezz Bone Large
http://www.anipet.com/product-1.php?item=21421,http://www.anipet.com/prod_images/thumb2-21421-1352153979.jpg,21421,KONG Squeezz Bone Medium
http://www.anipet.com/product-1.php?item=21418,http://www.anipet.com/prod_images/thumb2-21418-1352154010.jpg,21418,KONG Squeezz Dumbell Large
http://www.anipet.com/product-1.php?item=21417,http://www.anipet.com/prod_images/thumb2-21417-1352154030.jpg,21417,KONG Squeezz Dumbell Medium
http://www.anipet.com/product-1.php?item=21416,http://www.anipet.com/prod_images/thumb2-21416-1352154048.jpg,21416,KONG Squeezz Dumbell Small
http://www.anipet.com/product-1.php?item=21420,http://www.anipet.com/prod_images/thumb2-21420-1352154066.jpg,21420,KONG Squeezz Football Large
http://www.anipet.com/product-1.php?item=21424,http://www.anipet.com/prod_images/t-21423.jpg,21424,KONG Squeezz Ring - Large
http://www.anipet.com/product-1.php?item=21423,http://www.anipet.com/prod_images/t-21423.jpg,21423,KONG Squeezz Ring - Medium
http://www.anipet.com/product-1.php?item=21426,http://www.anipet.com/prod_images/t-21425.jpg,21426,KONG Squeezz Stick - Large
http://www.anipet.com/product-1.php?item=21425,http://www.anipet.com/prod_images/t-21425.jpg,21425,KONG Squeezz Stick - Medium
http://www.anipet.com/product-1.php?item=28699,http://www.anipet.com/prod_images/thumb2-28699-1410466078.jpg,28699,KONG Traxx Medium/Large
http://www.anipet.com/product-1.php?item=28700,http://www.anipet.com/prod_images/thumb2-28699-1410466361.jpg,28700,KONG Traxx Small
http://www.anipet.com/product-1.php?item=27183,http://www.anipet.com/prod_images/thumb2-27183-1422550113.png,27183,Kong Tug Toy
http://www.anipet.com/product-1.php?item=31522,http://www.anipet.com/prod_images/thumb2-31521-1398878102.jpg,31522,Leap Toy - Drumbo Blue
http://www.anipet.com/product-1.php?item=31521,http://www.anipet.com/prod_images/thumb2-31522-1398878058.jpg,31521,Leap Toy - Drumbo Red
http://www.anipet.com/product-1.php?item=31533,http://www.anipet.com/prod_images/thumb2-315333-1398884985.jpg,31533,Leap Toy - Ringo - Blue
http://www.anipet.com/product-1.php?item=31534,http://www.anipet.com/prod_images/thumb2-31534-1398885071.jpg,31534,Leap Toy - Ringo - Red
http://www.anipet.com/product-1.php?item=31528,http://www.anipet.com/prod_images/thumb2-31528-1398878682.jpg,31528,Leap Toy - Splat! Flyer - Blue
http://www.anipet.com/product-1.php?item=31527,http://www.anipet.com/prod_images/thumb2-31527-1398878605.jpg,31527,Leap Toy - Splat! Flyer - Red
http://www.anipet.com/product-1.php?item=31532,http://www.anipet.com/prod_images/thumb2-31533-1398884442.jpg,31532,Leap Toy - Squib - Green
http://www.anipet.com/product-1.php?item=31531,http://www.anipet.com/prod_images/thumb2-31531-1398884291.jpg,31531,Leap Toy - Squib - Orange
http://www.anipet.com/product-1.php?item=31525,http://www.anipet.com/prod_images/thumb2-31525-1398878355.jpg,31525,Leap Toy - Tuber - Blue
http://www.anipet.com/product-1.php?item=31526,http://www.anipet.com/prod_images/thumb2-31526-1398878481.jpg,31526,Leap Toy - Tuber - Red
http://www.anipet.com/product-1.php?item=31524,http://www.anipet.com/prod_images/thumb2-leap-1398878255.jpg,31524,Leap Toy - Wishy - Green
http://www.anipet.com/product-1.php?item=31523,http://www.anipet.com/prod_images/thumb2-31523-1398878204.jpg,31523,Leap Toy - Wishy - Orange
http://www.anipet.com/product-1.php?item=31529,http://www.anipet.com/prod_images/thumb2-leap_wormo_grn-1400864589.jpg,31529,Leap Toy - Wormo  - Green
http://www.anipet.com/product-1.php?item=31530,http://www.anipet.com/prod_images/thumb2-31550-1398879215.jpg,31530,Leap Toy - Wormo - Orange
http://www.anipet.com/product-1.php?item=21667,http://www.anipet.com/prod_images/thumb2-21666-1370289160.jpg,21667,Megalast Bear Large
http://www.anipet.com/product-1.php?item=21666,http://www.anipet.com/prod_images/thumb2-21666-1370288972.jpg,21666,Megalast Bear Medium
http://www.anipet.com/product-1.php?item=21663,http://www.anipet.com/prod_images/thumb2-21661-1370040774.jpg,21663,Megalast Bone Large
http://www.anipet.com/product-1.php?item=21662,http://www.anipet.com/prod_images/thumb2-21661-1370040648.jpg,21662,Megalast Bone Medium
http://www.anipet.com/product-1.php?item=21661,http://www.anipet.com/prod_images/thumb2-21661-1370040117.jpg,21661,Megalast Bone Small
http://www.anipet.com/product-1.php?item=21665,http://www.anipet.com/prod_images/thumb2-21665-1370288830.jpg,21665,Megalast Long Dog Large
http://www.anipet.com/product-1.php?item=21664,http://www.anipet.com/prod_images/thumb2-21664-1370288678.jpg,21664,Megalast Long Dog Medium
http://www.anipet.com/product-1.php?item=39032,http://www.anipet.com/prod_images/thumb2-39032-1428534082.jpg,39032,Monster Mouth - Blue 2.5
http://www.anipet.com/product-1.php?item=39030,http://www.anipet.com/prod_images/thumb2-39030_31-1428534050.jpg,39030,Monster Mouth - Green 3
http://www.anipet.com/product-1.php?item=39031,http://www.anipet.com/prod_images/thumb2-39031-1383329037.jpg,39031,Monster Mouth - Green 4
http://www.anipet.com/product-1.php?item=39033,http://www.anipet.com/prod_images/thumb2-39033-1428534093.jpg,39033,Monster Mouth - Pink 2.5
http://www.anipet.com/product-1.php?item=27237,http://www.anipet.com/prod_images/thumb2-27237-1410454251.jpg,27237,Original Kong  Black Original
http://www.anipet.com/product-1.php?item=15576,http://www.anipet.com/prod_images/thumb2-15576-1415658385.jpg,15576,"Play Strong Rubber ""S"" Bone 12"""
http://www.anipet.com/product-1.php?item=15577,http://www.anipet.com/prod_images/thumb2-15577jpg-1415658501.jpg,15577,"Play Strong Rubber ""Y"" 6"""
http://www.anipet.com/product-1.php?item=15570,http://www.anipet.com/prod_images/thumb2-15570-1415657658.jpg,15570,"Play Strong Rubber Ball 2.5"""
http://www.anipet.com/product-1.php?item=15571,http://www.anipet.com/prod_images/thumb2-15570-1415657765.jpg,15571,"Play Strong Rubber Ball 3.25"""
http://www.anipet.com/product-1.php?item=15572,http://www.anipet.com/prod_images/thumb2-15570-1415657921.jpg,15572,"Play Strong Rubber Ball 3.75"""
http://www.anipet.com/product-1.php?item=15573,http://www.anipet.com/prod_images/thumb2-15573-75-1415658040.jpg,15573,"Play Strong Rubber Bone 4.5"""
http://www.anipet.com/product-1.php?item=15574,http://www.anipet.com/prod_images/thumb2-15573-75-1415658221.jpg,15574,"Play Strong Rubber Bone 5.5"""
http://www.anipet.com/product-1.php?item=15575,http://www.anipet.com/prod_images/thumb2-15573-75-1415658290.jpg,15575,"Play Strong Rubber Bone 6.5"""
http://www.anipet.com/product-1.php?item=21471,http://www.anipet.com/prod_images/thumb2-21470-blue-1404936852.jpg,21471,Playbites Bear Large
http://www.anipet.com/product-1.php?item=21470,http://www.anipet.com/prod_images/thumb2-21470-blue-1404936423.jpg,21470,Playbites Bear Small/Medium
http://www.anipet.com/product-1.php?item=21468,http://www.anipet.com/prod_images/thumb2-21468-blue-1404934810.jpg,21468,Playbites Caterpiller Large
http://www.anipet.com/product-1.php?item=21469,http://www.anipet.com/prod_images/thumb2-21469-1-1412709746.jpg,21469,Playbites Caterpiller Small/Medium
http://www.anipet.com/product-1.php?item=21472,http://www.anipet.com/prod_images/thumb2-21472-_green-1404937293.jpg,21472,Playbites Doughnut Large
http://www.anipet.com/product-1.php?item=21473,http://www.anipet.com/prod_images/thumb2-21472-_green-1404937462.jpg,21473,Playbites Doughnut Small/Medium
http://www.anipet.com/product-1.php?item=21466,http://www.anipet.com/prod_images/thumb2-21466-1404846697.jpg,21466,Playbites Treat Bone Large
http://www.anipet.com/product-1.php?item=21467,http://www.anipet.com/prod_images/thumb2-21466-3-1404934434.jpg,21467,Playbites Treat Bone Small/Medium
http://www.anipet.com/product-1.php?item=27205,http://www.anipet.com/prod_images/thumb2-27203-5-1422554277.png,27205,Puppy Kong  Large
http://www.anipet.com/product-1.php?item=27204,http://www.anipet.com/prod_images/thumb2-27203-5-1422553933.png,27204,Puppy Kong  Medium
http://www.anipet.com/product-1.php?item=27203,http://www.anipet.com/prod_images/thumb2-27203-5-1422553052.png,27203,Puppy Kong  Small
http://www.anipet.com/product-1.php?item=27210,http://www.anipet.com/prod_images/thumb2-27210-1422559910.png,27210,Puppy Kong Goodie Bone Small
http://www.anipet.com/product-1.php?item=27209,http://www.anipet.com/prod_images/t-27209.jpg,27209,Puppy Kong Goodie Bone with Rope X-Small
http://www.anipet.com/product-1.php?item=19716,http://www.anipet.com/prod_images/thumb2-19715-1422310782.png,19716,Puppy Kong Pacifier Binkie Medium
http://www.anipet.com/product-1.php?item=19715,http://www.anipet.com/prod_images/thumb2-19715-1422310718.png,19715,Puppy Kong Pacifier Binkie Small
http://www.anipet.com/product-1.php?item=19720,http://www.anipet.com/prod_images/thumb2-19718-1422311085.png,19720,Puppy Kong Teething Stick Large
http://www.anipet.com/product-1.php?item=19719,http://www.anipet.com/prod_images/thumb2-19718-1422310976.png,19719,Puppy Kong Teething Stick Medium
http://www.anipet.com/product-1.php?item=19718,http://www.anipet.com/prod_images/thumb2-19718-1420579440.png,19718,Puppy Kong Teething Stick Small
http://www.anipet.com/product-1.php?item=21648,http://www.anipet.com/prod_images/thumb2-21648-1369958322.jpg,21648,Ruffians Bear
http://www.anipet.com/product-1.php?item=21646,http://www.anipet.com/prod_images/thumb2-21646-1369958005.jpg,21646,Ruffians Cat
http://www.anipet.com/product-1.php?item=21647,http://www.anipet.com/prod_images/thumb2-21647-1369958171.jpg,21647,Ruffians Chicken
http://www.anipet.com/product-1.php?item=21690,http://www.anipet.com/prod_images/thumb2-21690-1391461178.jpg,21690,Ruffians Fish Large
http://www.anipet.com/product-1.php?item=21649,http://www.anipet.com/prod_images/thumb2-21649-1370012445.png,21649,Ruffians Octopus
http://www.anipet.com/product-1.php?item=21689,http://www.anipet.com/prod_images/thumb2-21689-1391461004.jpg,21689,Ruffians Turtle Small
http://www.anipet.com/product-1.php?item=30573,http://www.anipet.com/prod_images/t-30572.jpg,30573,"SafeChew Barbell Blue/Green Large 8x3"""
http://www.anipet.com/product-1.php?item=30572,http://www.anipet.com/prod_images/t-30572.jpg,30572,"SafeChew Barbell Blue/Green Small 6x2"""
http://www.anipet.com/product-1.php?item=30564,http://www.anipet.com/prod_images/t-30560.jpg,30564,"SafeChew Biggie Bone Blue Large 3.5x8"""
http://www.anipet.com/product-1.php?item=30562,http://www.anipet.com/prod_images/t-30560.jpg,30562,"SafeChew Biggie Bone Blue Medium 2.5x6"""
http://www.anipet.com/product-1.php?item=30565,http://www.anipet.com/prod_images/t-30560.jpg,30565,"SafeChew Biggie Bone Green Large 3.5x8"""
http://www.anipet.com/product-1.php?item=30561,http://www.anipet.com/prod_images/t-30560.jpg,30561,"SafeChew Biggie Bone Orange Small 2x5"""
http://www.anipet.com/product-1.php?item=30560,http://www.anipet.com/prod_images/t-30560.jpg,30560,"SafeChew Biggie Bone Purple Small 2x5"""
http://www.anipet.com/product-1.php?item=30563,http://www.anipet.com/prod_images/t-30560.jpg,30563,"SafeChew Biggie Bone Tomato Medium 2.5x6"""
http://www.anipet.com/product-1.php?item=30574,http://www.anipet.com/prod_images/t-30575.jpg,30574,"SafeChew Multi Chew Toy Orange 7x7"""
http://www.anipet.com/product-1.php?item=30575,http://www.anipet.com/prod_images/t-30575.jpg,30575,"SafeChew Multi Chew Toy Purple 7x7"""
http://www.anipet.com/product-1.php?item=30569,http://www.anipet.com/prod_images/t-30566.jpg,30569,"SafeChew Newt Blue 8x4"""
http://www.anipet.com/product-1.php?item=30567,http://www.anipet.com/prod_images/t-30566.jpg,30567,"SafeChew Newt Orange Small 6x3"""
http://www.anipet.com/product-1.php?item=30566,http://www.anipet.com/prod_images/t-30566.jpg,30566,"SafeChew Newt Purple Small 6x3"""
http://www.anipet.com/product-1.php?item=30568,http://www.anipet.com/prod_images/t-30566.jpg,30568,"SafeChew Newt Tomoato Large 8x4"""
http://www.anipet.com/product-1.php?item=30570,http://www.anipet.com/prod_images/t-30570.jpg,30570,"SafeChew The Puppy Stick Tomato 8x3"""
http://www.anipet.com/product-1.php?item=30558,http://www.anipet.com/prod_images/t-30556.jpg,30558,"SafePlay Tug & Toss Ball Green Large 4"""
http://www.anipet.com/product-1.php?item=30557,http://www.anipet.com/prod_images/t-30556.jpg,30557,"SafePlay Tug & Toss Ball Green Small 3"""
http://www.anipet.com/product-1.php?item=30559,http://www.anipet.com/prod_images/t-30556.jpg,30559,"SafePlay Tug & Toss Ball Tomato Large 4"""
http://www.anipet.com/product-1.php?item=27479,http://www.anipet.com/prod_images/thumb2-27475-79-85-1410456713.jpg,27479,Senior Kong Medium
http://www.anipet.com/product-1.php?item=27485,http://www.anipet.com/prod_images/thumb2-27475-79-85-1410456745.jpg,27485,Senior Kong Small
http://www.anipet.com/product-1.php?item=31301,http://www.anipet.com/prod_images/thumb2-31301-1359754936.jpg,31301,Squeezz Jels Beaver - Large
http://www.anipet.com/product-1.php?item=31306,http://www.anipet.com/prod_images/thumb2-31306-1367268090.jpg,31306,Squeezz Jels Beaver Medium
http://www.anipet.com/product-1.php?item=31302,http://www.anipet.com/prod_images/thumb2-31302-1359755076.jpg,31302,Squeezz Jels Frog - Large
http://www.anipet.com/product-1.php?item=31308,http://www.anipet.com/prod_images/thumb2-31309-1367268184.jpg,31308,Squeezz Jels Frog Medium
http://www.anipet.com/product-1.php?item=31303,http://www.anipet.com/prod_images/thumb2-31303-1359755293.jpg,31303,Squeezz Jels Hippo - Large
http://www.anipet.com/product-1.php?item=31309,http://www.anipet.com/prod_images/thumb2-31308-1367268230.jpg,31309,Squeezz Jels Hippo Medium
http://www.anipet.com/product-1.php?item=31304,http://www.anipet.com/prod_images/thumb2-31304-1359755447.jpg,31304,Squeezz Jels Koala - Large
http://www.anipet.com/product-1.php?item=31310,http://www.anipet.com/prod_images/thumb2-31310-1359755724.jpg,31310,Squeezz Jels Koala - Medium
http://www.anipet.com/product-1.php?item=31305,http://www.anipet.com/prod_images/thumb2-31305-1359755606.jpg,31305,Squeezz Jels Pig - Large
http://www.anipet.com/product-1.php?item=31311,http://www.anipet.com/prod_images/thumb2-31311-1359755857.jpg,31311,Squeezz Jels Pig - Medium
http://www.anipet.com/product-1.php?item=30179,http://www.anipet.com/prod_images/thumb2-30178-9-1389831771.jpg,30179,ThunderToy - Large
http://www.anipet.com/product-1.php?item=30178,http://www.anipet.com/prod_images/thumb2-30178-9-1389831606.jpg,30178,ThunderToy - Small
http://www.anipet.com/product-1.php?item=39220,http://www.anipet.com/prod_images/thumb2-39219-20-1417027254.png,39220,"Tire Biter Racing Slicks Large 7.5"""
http://www.anipet.com/product-1.php?item=39219,http://www.anipet.com/prod_images/thumb2-39219-20-1417027190.png,39219,"Tire Biter Racing Slicks Medium 5.75"""
http://www.anipet.com/product-1.php?item=27335,http://www.anipet.com/prod_images/thumb2-27335-1351878790.jpg,27335,Tirebiter Bone With Treat Station Large
http://www.anipet.com/product-1.php?item=27334,http://www.anipet.com/prod_images/thumb2-27335-1351878859.jpg,27334,Tirebiter Bone With Treat Station Small
http://www.anipet.com/product-1.php?item=27345,http://www.anipet.com/prod_images/thumb2-27345-1351879805.jpg,27345,Tirebiter Pawtrack Extra Strength Medium
http://www.anipet.com/product-1.php?item=27352,http://www.anipet.com/prod_images/thumb2-27352-1351878977.jpg,27352,"Tirebiter Pawtrack Large 10"""
http://www.anipet.com/product-1.php?item=27351,http://www.anipet.com/prod_images/thumb2-27352-1351879012.jpg,27351,Tirebiter Pawtrack Medium
http://www.anipet.com/product-1.php?item=27339,http://www.anipet.com/prod_images/thumb2-27339-1352143231.jpg,27339,Tirebiter Pawtrack Mini
http://www.anipet.com/product-1.php?item=27350,http://www.anipet.com/prod_images/thumb2-27352-1351879104.jpg,27350,Tirebiter Pawtrack Small
http://www.anipet.com/product-1.php?item=27333,http://www.anipet.com/prod_images/thumb2-27333-1351879601.jpg,27333,Tirebiter Pawtrack With Cotton Rope Large
http://www.anipet.com/product-1.php?item=27332,http://www.anipet.com/prod_images/thumb2-27333-1351879636.jpg,27332,Tirebiter Pawtrack With Cotton Rope Medium
http://www.anipet.com/product-1.php?item=27331,http://www.anipet.com/prod_images/thumb2-27333-1351879711.jpg,27331,Tirebiter Pawtrack With Cotton Rope Small
http://www.anipet.com/product-1.php?item=27340,http://www.anipet.com/prod_images/thumb2-27333-1351879655.jpg,27340,Tirebiter Pawtrack With Rope Mini
http://www.anipet.com/product-1.php?item=27337,http://www.anipet.com/prod_images/thumb2-27337-1351880001.jpg,27337,Tirebiter Retriever
http://www.anipet.com/product-1.php?item=26983,http://www.anipet.com/prod_images/thumb2-26933-1351880111.jpg,26983,Tirebiter Stick Medium
http://www.anipet.com/product-1.php?item=26982,http://www.anipet.com/prod_images/thumb2-26933-1351880182.jpg,26982,Tirebiter Stick Small
http://www.anipet.com/product-1.php?item=21643,http://www.anipet.com/prod_images/thumb2-21642-1370021513.jpg,21643,Whirlwheel Large
http://www.anipet.com/product-1.php?item=21642,http://www.anipet.com/prod_images/thumb2-21642-1370021383.jpg,21642,Whirlwheel Small
http://www.anipet.com/product-1.php?item=27055,http://www.anipet.com/prod_images/thumb2-27052-1352494327.jpg,27055,Dental Chew Bone Giant
http://www.anipet.com/product-1.php?item=19745,http://www.anipet.com/prod_images/thumb2-19745-48-1422311726.png,19745,Dental Kong Large
http://www.anipet.com/product-1.php?item=19748,http://www.anipet.com/prod_images/thumb2-19745-48-1422311892.png,19748,Dental Kong With  Rope Medium
http://www.anipet.com/product-1.php?item=19747,http://www.anipet.com/prod_images/thumb2-19745-48-1422311877.png,19747,Dental Kong With Rope   Small
http://www.anipet.com/product-1.php?item=19746,http://www.anipet.com/prod_images/thumb2-19745-48-1422311746.png,19746,Dental Kong X-Large
http://www.anipet.com/product-1.php?item=28833,http://www.anipet.com/prod_images/thumb2-nx935vpp-1409867990.jpg,28833,Dental/Flex Chew Chicken 2PK
http://www.anipet.com/product-1.php?item=28834,http://www.anipet.com/prod_images/thumb2-nx935vpp_2-1409868083.jpg,28834,Dental/FlexChew Chicken 2PK
http://www.anipet.com/product-1.php?item=27052,http://www.anipet.com/prod_images/thumb2-27052-1352493955.jpg,27052,DentalChew Bone Petite
http://www.anipet.com/product-1.php?item=27053,http://www.anipet.com/prod_images/thumb2-27052-1352494130.jpg,27053,DentalChew Bone Regular
http://www.anipet.com/product-1.php?item=27054,http://www.anipet.com/prod_images/thumb2-27052-1352494251.jpg,27054,DentalChew Bone Wolf
http://www.anipet.com/product-1.php?item=29572,http://www.anipet.com/prod_images/thumb2-ndd501_2-1409865429.jpg,29572,Proaction Dental Medium
http://www.anipet.com/product-1.php?item=29571,http://www.anipet.com/prod_images/thumb2-ndd501-1409865368.jpg,29571,Proatcion Dental Small
http://www.anipet.com/product-1.php?item=21491,http://www.anipet.com/prod_images/thumb2-21491-1410294306.jpg,21491,Puppy Chew Dental Blue Petite
http://www.anipet.com/product-1.php?item=21494,http://www.anipet.com/prod_images/thumb2-21494-1410294543.jpg,21494,Puppy Chew Dental Pink Petite
http://www.anipet.com/product-1.php?item=24372,http://www.anipet.com/prod_images/thumb2-24368-72-1420487807.png,24372,Quest Critter Bear Large
http://www.anipet.com/product-1.php?item=24368,http://www.anipet.com/prod_images/thumb2-24368-72-1420486784.png,24368,Quest Critter Bear Small
http://www.anipet.com/product-1.php?item=24373,http://www.anipet.com/prod_images/thumb2-24369-73-1420488191.png,24373,Quest Critter Cow Large
http://www.anipet.com/product-1.php?item=24369,http://www.anipet.com/prod_images/thumb2-24369-73-1420486910.png,24369,Quest Critter Cow Small
http://www.anipet.com/product-1.php?item=24375,http://www.anipet.com/prod_images/thumb2-24371-75-1420488362.png,24375,Quest Critter Frog Large
http://www.anipet.com/product-1.php?item=24371,http://www.anipet.com/prod_images/thumb2-24371-75-1420487632.png,24371,Quest Critter Frog Small
http://www.anipet.com/product-1.php?item=24374,http://www.anipet.com/prod_images/thumb2-24370-74-1420488283.png,24374,Quest Critter Owl Large
http://www.anipet.com/product-1.php?item=24370,http://www.anipet.com/prod_images/thumb2-24370-74-1420487208.png,24370,Quest Critter Owl Small
http://www.anipet.com/product-1.php?item=27172,http://www.anipet.com/prod_images/thumb2-27172-1356720395.jpg,27172,Small Dog Value Pack Small
http://www.anipet.com/product-1.php?item=24376,http://www.anipet.com/prod_images/thumb2-24376-1420489303.png,24376,Winder Frog Medium
http://www.anipet.com/product-1.php?item=19784,http://www.anipet.com/prod_images/thumb2-19784_enviro_fresh2-1416414856.jpg,19784,Slurp N Fresh 118ML 30/Display
http://www.anipet.com/product-1.php?item=19849,http://www.anipet.com/prod_images/thumb2-19849-1384964164.jpg,19849,DuraChew Barbell Peanut Butter  Medium/Large
http://www.anipet.com/product-1.php?item=32914,http://www.anipet.com/prod_images/no-img-sm.gif,32914,Invincibles Gecko Red & Orange 2 Squeaker
http://www.anipet.com/product-1.php?item=19916,http://www.anipet.com/prod_images/thumb2-19916-1384971473.jpg,19916,Puppy Twin Pack Ring/Bone Petite
http://www.anipet.com/product-1.php?item=26691,http://www.anipet.com/prod_images/thumb2-26691-1352481569.jpg,26691,Big Chews For Big Dogs Beef Bone
http://www.anipet.com/product-1.php?item=26794,http://www.anipet.com/prod_images/thumb2-26794-1352481381.jpg,26794,Big Chews For Big Dogs Knot
http://www.anipet.com/product-1.php?item=26692,http://www.anipet.com/prod_images/thumb2-26692-1352481276.jpg,26692,Big Chews For Big Dogs Turkey Leg
http://www.anipet.com/product-1.php?item=39187,http://www.anipet.com/prod_images/thumb2-39187-1410215931.jpg,39187,"Billy Beaver Hemp/Plush Toy 13"""
http://www.anipet.com/product-1.php?item=39257,http://www.anipet.com/prod_images/thumb2-39255-58-1408382638.jpg,39257,Bionic Bone Large
http://www.anipet.com/product-1.php?item=39256,http://www.anipet.com/prod_images/thumb2-39255-58-1408382564.jpg,39256,Bionic Bone Medium
http://www.anipet.com/product-1.php?item=39255,http://www.anipet.com/prod_images/thumb2-39255-58-1408382480.jpg,39255,Bionic Bone Small
http://www.anipet.com/product-1.php?item=39258,http://www.anipet.com/prod_images/thumb2-39255-58-1408382698.jpg,39258,Bionic Bone XLarge
http://www.anipet.com/product-1.php?item=32981,http://www.anipet.com/prod_images/thumb2-32981-1413488987.jpg,32981,"Birthday Cake 5.5"""
http://www.anipet.com/product-1.php?item=39246,http://www.anipet.com/prod_images/thumb2-39246-1413844772.png,39246,"Bottle Buddies Lion 10"""
http://www.anipet.com/product-1.php?item=39245,http://www.anipet.com/prod_images/thumb2-39245-1413844727.png,39245,"Bottle Buddies Tiger 10"""
http://www.anipet.com/product-1.php?item=39247,http://www.anipet.com/prod_images/thumb2-39247-1413844825.png,39247,"Bottle Buddies Wolf 10"""
http://www.anipet.com/product-1.php?item=39282,http://www.anipet.com/prod_images/thumb2-39282-1416867947.jpg,39282,Braidys Rope 3Knot Tug Medium 20
http://www.anipet.com/product-1.php?item=39283,http://www.anipet.com/prod_images/thumb2-39283-1422402423.jpg,39283,"Braidys Rope 5Knot Tug XLarge 36"""
http://www.anipet.com/product-1.php?item=39281,http://www.anipet.com/prod_images/thumb2-39280-1416867896.jpg,39281,Braidys Rope Bone Medium 12
http://www.anipet.com/product-1.php?item=39280,http://www.anipet.com/prod_images/thumb2-39280-1416867743.jpg,39280,Braidys Rope Bone Small 9
http://www.anipet.com/product-1.php?item=39284,http://www.anipet.com/prod_images/thumb2-39284-1422402444.jpg,39284,"Braidys Rope Monkey Fist Ball 3.5"""
http://www.anipet.com/product-1.php?item=39171,http://www.anipet.com/prod_images/thumb2-39171-1410208527.jpg,39171,Bumpskins Lizards Squeaker 14'-6
http://www.anipet.com/product-1.php?item=39186,http://www.anipet.com/prod_images/thumb2-39186-1410215775.jpg,39186,"Butterballs Bird Jumbo 8"""
http://www.anipet.com/product-1.php?item=39184,http://www.anipet.com/prod_images/thumb2-39184-1410215471.jpg,39184,Butterballs Forest Animals Jumbo8
http://www.anipet.com/product-1.php?item=39185,http://www.anipet.com/prod_images/thumb2-39185-1410215670.jpg,39185,"Butterballs Jungles Animals Jumbo 8"""
http://www.anipet.com/product-1.php?item=39182,http://www.anipet.com/prod_images/thumb2-39182-1410215203.jpg,39182,"Butterballs Woodland 4"""
http://www.anipet.com/product-1.php?item=39183,http://www.anipet.com/prod_images/thumb2-39182-1410215267.jpg,39183,"Butterballs Woodland 6"""
http://www.anipet.com/product-1.php?item=39170,http://www.anipet.com/prod_images/thumb2-39170-1410208163.jpg,39170,"Connect & Crunch Bottle Holder 3.5"""
http://www.anipet.com/product-1.php?item=39055,http://www.anipet.com/prod_images/thumb2-39055-1416354169.png,39055,"Cord Buddies Cord Rope Cow Tug 10"""
http://www.anipet.com/product-1.php?item=39057,http://www.anipet.com/prod_images/thumb2-39057-1416354783.png,39057,"Cord Buddies Cord Rope Dog Tug 10"""
http://www.anipet.com/product-1.php?item=39056,http://www.anipet.com/prod_images/thumb2-39056-1416354233.png,39056,"Cord Buddies Cord Rope Pig Tug 10"""
http://www.anipet.com/product-1.php?item=39053,http://www.anipet.com/prod_images/thumb2-39053-1416353942.png,39053,"Cord Buddies Twisty Frog 10"""
http://www.anipet.com/product-1.php?item=39052,http://www.anipet.com/prod_images/thumb2-39052-1416353835.png,39052,"Cord Buddies Twisty Lion 10"""
http://www.anipet.com/product-1.php?item=39054,http://www.anipet.com/prod_images/thumb2-39054-1416354108.png,39054,"Cord Buddies Twisty Pig 10"""
http://www.anipet.com/product-1.php?item=21698,http://www.anipet.com/prod_images/thumb2-21697-98-1413396410.jpg,21698,Crackle Heads Bart Bear Large
http://www.anipet.com/product-1.php?item=21697,http://www.anipet.com/prod_images/thumb2-21697-98-1413396330.jpg,21697,Crackle Heads Bart Bear Medium
http://www.anipet.com/product-1.php?item=21703,http://www.anipet.com/prod_images/thumb2-21702-1413402290.jpg,21703,Crackle Heads Canvas Bear Large
http://www.anipet.com/product-1.php?item=21702,http://www.anipet.com/prod_images/thumb2-21702-1413401793.jpg,21702,Crackle Heads Canvas Bear Medium
http://www.anipet.com/product-1.php?item=21701,http://www.anipet.com/prod_images/thumb2-21701-1413399234.jpg,21701,Crackle Heads Canvas Cuz Large
http://www.anipet.com/product-1.php?item=21705,http://www.anipet.com/prod_images/thumb2-21704-1413404547.jpg,21705,Crackle Heads Canvas Monkey Large
http://www.anipet.com/product-1.php?item=21704,http://www.anipet.com/prod_images/thumb2-21704-1413403828.jpg,21704,Crackle Heads Canvas Monkey Medium
http://www.anipet.com/product-1.php?item=21695,http://www.anipet.com/prod_images/thumb2-21695-96-1413390926.jpg,21695,Crackle Heads Dougie Dog Medium
http://www.anipet.com/product-1.php?item=21692,http://www.anipet.com/prod_images/thumb2-21692-1412710935.jpg,21692,Crackle Heads Leroy Lion Large
http://www.anipet.com/product-1.php?item=21691,http://www.anipet.com/prod_images/thumb2-21691-1412710484.jpg,21691,Crackle Heads Leroy Lion Medium
http://www.anipet.com/product-1.php?item=21700,http://www.anipet.com/prod_images/thumb2-21699-1413397475.jpg,21700,Crackle Heads Ricky Racoon Large
http://www.anipet.com/product-1.php?item=21699,http://www.anipet.com/prod_images/thumb2-21699-1413396618.jpg,21699,Crackle Heads Ricky Racoon Medium
http://www.anipet.com/product-1.php?item=21694,http://www.anipet.com/prod_images/thumb2-21694-1422400377.jpg,21694,Crackle Heads Skippy Squirrel Large
http://www.anipet.com/product-1.php?item=21693,http://www.anipet.com/prod_images/thumb2-21693-94-1412713266.jpg,21693,Crackle Heads Skippy Squirrel Medium
http://www.anipet.com/product-1.php?item=39108,http://www.anipet.com/prod_images/thumb2-39108-1410888931.jpg,39108,Cross Knots Elephant Small/Medium
http://www.anipet.com/product-1.php?item=39107,http://www.anipet.com/prod_images/thumb2-39107-1410888603.jpg,39107,Cross Knots Frog Small/Medium
http://www.anipet.com/product-1.php?item=39109,http://www.anipet.com/prod_images/thumb2-39109-1410889217.jpg,39109,Cross Knots Lion Small/Medium
http://www.anipet.com/product-1.php?item=24352,http://www.anipet.com/prod_images/thumb2-24350-1419272699.png,24352,Cuteseas Fish Large
http://www.anipet.com/product-1.php?item=24351,http://www.anipet.com/prod_images/thumb2-24350-1419269965.png,24351,Cuteseas Fish Medium
http://www.anipet.com/product-1.php?item=24350,http://www.anipet.com/prod_images/thumb2-24350-1419269997.png,24350,Cuteseas Fish Small
http://www.anipet.com/product-1.php?item=24355,http://www.anipet.com/prod_images/thumb2-24353-55-1419273889.png,24355,Cuteseas Octopus Large
http://www.anipet.com/product-1.php?item=24356,http://www.anipet.com/prod_images/thumb2-24356-58-1419274362.png,24356,Cuteseas Octopus Large
http://www.anipet.com/product-1.php?item=24354,http://www.anipet.com/prod_images/thumb2-24353-55-1419273788.png,24354,Cuteseas Octopus Medium
http://www.anipet.com/product-1.php?item=24353,http://www.anipet.com/prod_images/thumb2-24353-55-1419273236.png,24353,Cuteseas Octopus Small
http://www.anipet.com/product-1.php?item=24358,http://www.anipet.com/prod_images/thumb2-24356-58-1419276384.png,24358,Cuteseas Seahorse Large
http://www.anipet.com/product-1.php?item=24357,http://www.anipet.com/prod_images/thumb2-24356-58-1419274585.png,24357,Cuteseas Seahorse Medium
http://www.anipet.com/product-1.php?item=24361,http://www.anipet.com/prod_images/thumb2-24359-61-1419277941.png,24361,Cuteseas Whale Large
http://www.anipet.com/product-1.php?item=24360,http://www.anipet.com/prod_images/thumb2-24359-61-1419277630.png,24360,Cuteseas Whale Medium
http://www.anipet.com/product-1.php?item=24359,http://www.anipet.com/prod_images/thumb2-24359-61-1419277275.png,24359,Cuteseas Whale Small
http://www.anipet.com/product-1.php?item=39188,http://www.anipet.com/prod_images/thumb2-39188-1410216017.jpg,39188,"Daisy Duck Hemp/Oxford Toy 11"""
http://www.anipet.com/product-1.php?item=39277,http://www.anipet.com/prod_images/thumb2-39277-1416867552.jpg,39277,Denim Flossy Chew 3Knot Tug Medium 20
http://www.anipet.com/product-1.php?item=39278,http://www.anipet.com/prod_images/thumb2-39278-1416867604.jpg,39278,Denim Flossy Chew 4Knot Tug Large 27
http://www.anipet.com/product-1.php?item=39276,http://www.anipet.com/prod_images/thumb2-39276-1416867380.jpg,39276,Denim Flossy Chew Bone Large 14
http://www.anipet.com/product-1.php?item=39275,http://www.anipet.com/prod_images/thumb2-39275-1416867082.jpg,39275,Denim Flossy Chew Bone Small 9
http://www.anipet.com/product-1.php?item=39279,http://www.anipet.com/prod_images/thumb2-39279-1416867680.jpg,39279,Denim Flossy Chew Monkey Fist 3.75
http://www.anipet.com/product-1.php?item=27055,http://www.anipet.com/prod_images/thumb2-27052-1352494327.jpg,27055,Dental Chew Bone Giant
http://www.anipet.com/product-1.php?item=28833,http://www.anipet.com/prod_images/thumb2-nx935vpp-1409867990.jpg,28833,Dental/Flex Chew Chicken 2PK
http://www.anipet.com/product-1.php?item=28834,http://www.anipet.com/prod_images/thumb2-nx935vpp_2-1409868083.jpg,28834,Dental/FlexChew Chicken 2PK
http://www.anipet.com/product-1.php?item=27052,http://www.anipet.com/prod_images/thumb2-27052-1352493955.jpg,27052,DentalChew Bone Petite
http://www.anipet.com/product-1.php?item=27053,http://www.anipet.com/prod_images/thumb2-27052-1352494130.jpg,27053,DentalChew Bone Regular
http://www.anipet.com/product-1.php?item=27054,http://www.anipet.com/prod_images/thumb2-27052-1352494251.jpg,27054,DentalChew Bone Wolf
http://www.anipet.com/product-1.php?item=27170,http://www.anipet.com/prod_images/thumb2-27170-1352503028.jpg,27170,DentalChew Dinosaur Assorted
http://www.anipet.com/product-1.php?item=26697,http://www.anipet.com/prod_images/thumb2-26697-1356720018.jpg,26697,Double Action Chew Bacon Flavor  Regular
http://www.anipet.com/product-1.php?item=26699,http://www.anipet.com/prod_images/thumb2-26699-1356720035.jpg,26699,Double Action Chew Bacon Flavor  Souper
http://www.anipet.com/product-1.php?item=26698,http://www.anipet.com/prod_images/thumb2-26698-1356720051.jpg,26698,Double Action Chew Bacon Flavor  Wolf
http://www.anipet.com/product-1.php?item=21485,http://www.anipet.com/prod_images/thumb2-21485-1410293359.jpg,21485,Dura Chew Axis Bone
http://www.anipet.com/product-1.php?item=21486,http://www.anipet.com/prod_images/thumb2-21486-1410293504.jpg,21486,Dura Chew Knobby Stick Regular
http://www.anipet.com/product-1.php?item=21487,http://www.anipet.com/prod_images/thumb2-21487-1410293718.jpg,21487,Dura Chew Knobby Stick Wolf
http://www.anipet.com/product-1.php?item=21488,http://www.anipet.com/prod_images/thumb2-dura_pb_souper-1409850174.jpg,21488,Dura Chew Peanut Butter Flavor Souper
http://www.anipet.com/product-1.php?item=29710,http://www.anipet.com/prod_images/thumb2-29710-1356720087.jpg,29710,Dura Chew Plus - Monster
http://www.anipet.com/product-1.php?item=29707,http://www.anipet.com/prod_images/thumb2-ncf302_2-1409864110.jpg,29707,Dura Chew Plus - Regular
http://www.anipet.com/product-1.php?item=29709,http://www.anipet.com/prod_images/thumb2-ncf302_2-1409864424.jpg,29709,Dura Chew Plus - Souper
http://www.anipet.com/product-1.php?item=29708,http://www.anipet.com/prod_images/thumb2-ncf302_2-1409864357.jpg,29708,Dura Chew Plus Wolf
http://www.anipet.com/product-1.php?item=21489,http://www.anipet.com/prod_images/thumb2-21489-1410294009.jpg,21489,Dura Chew Red/White/Blue Regular 3PK
http://www.anipet.com/product-1.php?item=29773,http://www.anipet.com/prod_images/thumb2-29973-1352506641.jpg,29773,DuraChew Action Ridges Bone Bacon Regular
http://www.anipet.com/product-1.php?item=29775,http://www.anipet.com/prod_images/thumb2-29973-1352507195.jpg,29775,DuraChew Action Ridges Bone Bacon Souper
http://www.anipet.com/product-1.php?item=29774,http://www.anipet.com/prod_images/thumb2-29973-1352506843.jpg,29774,DuraChew Action Ridges Bone Bacon Wolf
http://www.anipet.com/product-1.php?item=28829,http://www.anipet.com/prod_images/thumb2-28829-1364918406.jpg,28829,DuraChew Bacon & Chicken 2PK
http://www.anipet.com/product-1.php?item=28828,http://www.anipet.com/prod_images/thumb2-28829-1364918947.jpg,28828,DuraChew Bacon & Chicken 2PK
http://www.anipet.com/product-1.php?item=19853,http://www.anipet.com/prod_images/thumb2-19849-1384964516.jpg,19853,DuraChew Barbell Peanut Butter Large/XLrg
http://www.anipet.com/product-1.php?item=19860,http://www.anipet.com/prod_images/thumb2-19849-1384964649.jpg,19860,DuraChew Barbell Peanut Butter Monster
http://www.anipet.com/product-1.php?item=27141,http://www.anipet.com/prod_images/thumb2-27141-1-1352499468.jpg,27141,DuraChew Bone 3PK
http://www.anipet.com/product-1.php?item=26909,http://www.anipet.com/prod_images/thumb2-26906-1352493661.jpg,26909,DuraChew Bone Bacon Giant
http://www.anipet.com/product-1.php?item=26906,http://www.anipet.com/prod_images/thumb2-26906-1352493391.jpg,26906,DuraChew Bone Bacon Petite
http://www.anipet.com/product-1.php?item=26907,http://www.anipet.com/prod_images/thumb2-26906-1352493476.jpg,26907,DuraChew Bone Bacon Regular
http://www.anipet.com/product-1.php?item=26910,http://www.anipet.com/prod_images/thumb2-26910-1356720104.jpg,26910,DuraChew Bone Bacon Souper
http://www.anipet.com/product-1.php?item=26908,http://www.anipet.com/prod_images/thumb2-26906-1352493554.jpg,26908,DuraChew Bone Bacon Wolf
http://www.anipet.com/product-1.php?item=27113,http://www.anipet.com/prod_images/thumb2-27110-1352497922.jpg,27113,DuraChew Bone Chicken Giant
http://www.anipet.com/product-1.php?item=27110,http://www.anipet.com/prod_images/thumb2-27110-1352497203.jpg,27110,DuraChew Bone Chicken Petite
http://www.anipet.com/product-1.php?item=27111,http://www.anipet.com/prod_images/thumb2-27110-1352497392.jpg,27111,DuraChew Bone Chicken Regular
http://www.anipet.com/product-1.php?item=27114,http://www.anipet.com/prod_images/thumb2-27114-1356720118.jpg,27114,DuraChew Bone Chicken Souper
http://www.anipet.com/product-1.php?item=27112,http://www.anipet.com/prod_images/thumb2-27110-1352497803.jpg,27112,DuraChew Bone Chicken Wolf
http://www.anipet.com/product-1.php?item=27073,http://www.anipet.com/prod_images/thumb2-nlf104-1409866051.jpg,27073,DuraChew Bone Liver Giant
http://www.anipet.com/product-1.php?item=27074,http://www.anipet.com/prod_images/thumb2-nlf105_2-1409866120.jpg,27074,DuraChew Bone Liver Souper
http://www.anipet.com/product-1.php?item=27072,http://www.anipet.com/prod_images/thumb2-27072-1352494898.jpg,27072,DuraChew Bone Liver Wolf
http://www.anipet.com/product-1.php?item=27145,http://www.anipet.com/prod_images/thumb2-27142-1352500938.jpg,27145,DuraChew Bone Orginal Giant
http://www.anipet.com/product-1.php?item=27142,http://www.anipet.com/prod_images/thumb2-27142-1352500087.jpg,27142,DuraChew Bone Orginal Petite
http://www.anipet.com/product-1.php?item=27143,http://www.anipet.com/prod_images/thumb2-27142-1352500347.jpg,27143,DuraChew Bone Orginal Regular
http://www.anipet.com/product-1.php?item=27146,http://www.anipet.com/prod_images/thumb2-27146-1356720178.jpg,27146,DuraChew Bone Orginal Souper
http://www.anipet.com/product-1.php?item=27144,http://www.anipet.com/prod_images/thumb2-nw103-1409867582.jpg,27144,DuraChew Bone Orginal Wolf
http://www.anipet.com/product-1.php?item=28827,http://www.anipet.com/prod_images/thumb2-28827-1364918088.jpg,28827,DuraChew Braid Chew Bacon
http://www.anipet.com/product-1.php?item=19895,http://www.anipet.com/prod_images/thumb2-19895-1384969931.jpg,19895,DuraChew Combo Twin Pack Wolf Ring/Texture
http://www.anipet.com/product-1.php?item=26689,http://www.anipet.com/prod_images/thumb2-26689-1352490199.jpg,26689,DuraChew Double Action Ball Bacon
http://www.anipet.com/product-1.php?item=26688,http://www.anipet.com/prod_images/thumb2-26688-1352490049.jpg,26688,DuraChew Double Action Spiky Ball Bacon
http://www.anipet.com/product-1.php?item=26690,http://www.anipet.com/prod_images/thumb2-ntg705p-1409867484.jpg,26690,DuraChew Double Action Sport Assorted Bacon
http://www.anipet.com/product-1.php?item=21384,http://www.anipet.com/prod_images/t-21385.jpg,21384,DuraChew Double Bone Bacon Petite
http://www.anipet.com/product-1.php?item=21386,http://www.anipet.com/prod_images/t-21385.jpg,21386,DuraChew Double Bone Bacon Souper
http://www.anipet.com/product-1.php?item=21385,http://www.anipet.com/prod_images/t-21385.jpg,21385,DuraChew Double Bone Bacon Wolf
http://www.anipet.com/product-1.php?item=21388,http://www.anipet.com/prod_images/thumb2-nhs505p-1409865952.jpg,21388,DuraChew Hollow Stick Bacon Souper
http://www.anipet.com/product-1.php?item=21387,http://www.anipet.com/prod_images/thumb2-nhs503_2-1409865923.jpg,21387,DuraChew Hollow Stick Bacon Wolf
http://www.anipet.com/product-1.php?item=27149,http://www.anipet.com/prod_images/thumb2-27149-1352501179.jpg,27149,DuraChew Knot Bone Orginal Large
http://www.anipet.com/product-1.php?item=19892,http://www.anipet.com/prod_images/thumb2-19892jpg-1384967932.jpg,19892,DuraChew Marrow Bone
http://www.anipet.com/product-1.php?item=19888,http://www.anipet.com/prod_images/thumb2-19888-1384966717.jpg,19888,DuraChew Peanut Butter Giant
http://www.anipet.com/product-1.php?item=19867,http://www.anipet.com/prod_images/thumb2-19867-1384966260.jpg,19867,DuraChew Peanut Butter Regular
http://www.anipet.com/product-1.php?item=19891,http://www.anipet.com/prod_images/thumb2-19891-1384967718.jpg,19891,DuraChew Peanut Butter Ring Bone Twin Pack Wolf
http://www.anipet.com/product-1.php?item=19889,http://www.anipet.com/prod_images/thumb2-19889-1384967049.jpg,19889,DuraChew Peanut Butter Textured Bone Twin Pack Regular
http://www.anipet.com/product-1.php?item=19890,http://www.anipet.com/prod_images/thumb2-19890-1384967585.jpg,19890,DuraChew Peanut Butter Textured Bone Twin Pack Wolf
http://www.anipet.com/product-1.php?item=19866,http://www.anipet.com/prod_images/thumb2-ng304_2-1409865735.jpg,19866,DuraChew Peanut Butter Wavy Bone Twin Pack Giant Texture/Bone
http://www.anipet.com/product-1.php?item=19868,http://www.anipet.com/prod_images/thumb2-19868-1384966502.jpg,19868,DuraChew Peanut Butter Wolf
http://www.anipet.com/product-1.php?item=19894,http://www.anipet.com/prod_images/thumb2-19894-1384969669.png,19894,DuraChew Ring Chew Toy
http://www.anipet.com/product-1.php?item=27157,http://www.anipet.com/prod_images/thumb2-27157-1352502012.jpg,27157,DuraChew Ring Orginal Giant
http://www.anipet.com/product-1.php?item=28824,http://www.anipet.com/prod_images/thumb2-28824-1364918211.jpg,28824,DuraChew S Shape Bacon
http://www.anipet.com/product-1.php?item=28825,http://www.anipet.com/prod_images/thumb2-28824-1364918769.jpg,28825,DuraChew S Shape Bacon
http://www.anipet.com/product-1.php?item=28826,http://www.anipet.com/prod_images/thumb2-28826-1364918317.jpg,28826,DuraChew Spinner Chicken
http://www.anipet.com/product-1.php?item=21389,http://www.anipet.com/prod_images/thumb2-21389-1352489264.jpg,21389,DuraChew Textured Ring Bone Chicken Petite
http://www.anipet.com/product-1.php?item=21391,http://www.anipet.com/prod_images/thumb2-21389-1352489391.jpg,21391,DuraChew Textured Ring Bone Chicken Souper
http://www.anipet.com/product-1.php?item=21390,http://www.anipet.com/prod_images/thumb2-21389-1352489320.jpg,21390,DuraChew Textured Ring Bone Chicken Wolf
http://www.anipet.com/product-1.php?item=21344,http://www.anipet.com/prod_images/thumb2-21311-1352488328.jpg,21344,DuraChew Textured Ring Chicken Regular
http://www.anipet.com/product-1.php?item=21311,http://www.anipet.com/prod_images/thumb2-21311-1352486236.jpg,21311,DuraChew Textured Ring Chicken Souper
http://www.anipet.com/product-1.php?item=21312,http://www.anipet.com/prod_images/thumb2-21312-1352486457.jpg,21312,DuraChew Textured Tug Chicken
http://www.anipet.com/product-1.php?item=29797,http://www.anipet.com/prod_images/thumb2-29797-1356720196.jpg,29797,DuraChew Twin Pack for Small Dogs
http://www.anipet.com/product-1.php?item=19893,http://www.anipet.com/prod_images/thumb2-19893-1384968154.jpg,19893,DuraChew Twin Pack Ring Bone Petite
http://www.anipet.com/product-1.php?item=27154,http://www.anipet.com/prod_images/thumb2-n213p-1409858841.jpg,27154,DuraChew Wishbone Orginal Regular
http://www.anipet.com/product-1.php?item=27155,http://www.anipet.com/prod_images/thumb2-n214p-1409858861.jpg,27155,DuraChew Wishbone Orginal Wolf
http://www.anipet.com/product-1.php?item=39198,http://www.anipet.com/prod_images/thumb2-39198-1404947836.jpg,39198,Everlasting Treat Wheeler Large
http://www.anipet.com/product-1.php?item=39197,http://www.anipet.com/prod_images/thumb2-39197-1404947691.jpg,39197,Everlasting Treat Wheeler Medium
http://www.anipet.com/product-1.php?item=39196,http://www.anipet.com/prod_images/thumb2-39196-1404947603.jpg,39196,Everlasting Treat Wheeler Small
http://www.anipet.com/product-1.php?item=31483,http://www.anipet.com/prod_images/thumb2-31483-1410280873.jpg,31483,Farm Pulleez Bunny
http://www.anipet.com/product-1.php?item=31484,http://www.anipet.com/prod_images/thumb2-31484-1410281046.jpg,31484,Farm Pulleez Cow
http://www.anipet.com/product-1.php?item=31485,http://www.anipet.com/prod_images/thumb2-31485-1410281118.jpg,31485,Farm Pulleez Frog
http://www.anipet.com/product-1.php?item=31486,http://www.anipet.com/prod_images/thumb2-31486-1410281218.jpg,31486,Farm Pulleez Pig
http://www.anipet.com/product-1.php?item=21490,http://www.anipet.com/prod_images/thumb2-21490-1410294161.jpg,21490,Flexi Chew Variety Pack Regular
http://www.anipet.com/product-1.php?item=27118,http://www.anipet.com/prod_images/thumb2-27115-1352499005.jpg,27118,FlexiChew Bone Chicken Giant
http://www.anipet.com/product-1.php?item=27115,http://www.anipet.com/prod_images/thumb2-27115-1352498539.jpg,27115,FlexiChew Bone Chicken Petite
http://www.anipet.com/product-1.php?item=27116,http://www.anipet.com/prod_images/thumb2-27115-1352498841.jpg,27116,FlexiChew Bone Chicken Regular
http://www.anipet.com/product-1.php?item=27119,http://www.anipet.com/prod_images/thumb2-27119-1352499188.jpg,27119,FlexiChew Bone Chicken Souper
http://www.anipet.com/product-1.php?item=27117,http://www.anipet.com/prod_images/thumb2-27115-1352498936.jpg,27117,FlexiChew Bone Chicken Wolf
http://www.anipet.com/product-1.php?item=19904,http://www.anipet.com/prod_images/thumb2-19904-1384970373.jpg,19904,FlexiChew Bumpy Bone Large/XLarge
http://www.anipet.com/product-1.php?item=19896,http://www.anipet.com/prod_images/thumb2-19896-1384970133.jpg,19896,FlexiChew Bumpy Bone Small/Medium
http://www.anipet.com/product-1.php?item=27109,http://www.anipet.com/prod_images/thumb2-27109-1356720256.jpg,27109,FlexiChew Chicken & Liver Petite 2PK
http://www.anipet.com/product-1.php?item=19915,http://www.anipet.com/prod_images/thumb2-19915-1384971289.jpg,19915,FlexiChew Ridge Bone Chew Large/XLarge
http://www.anipet.com/product-1.php?item=19908,http://www.anipet.com/prod_images/thumb2-19908-1384971124.jpg,19908,FlexiChew Ridge Bone Chew Small/Medium
http://www.anipet.com/product-1.php?item=39059,http://www.anipet.com/prod_images/thumb2-39059-1416354983.png,39059,"Floppy Friends Cow 10.5"""
http://www.anipet.com/product-1.php?item=39058,http://www.anipet.com/prod_images/thumb2-39058-1416354901.png,39058,"Floppy Friends Pig 10.5"""
http://www.anipet.com/product-1.php?item=39060,http://www.anipet.com/prod_images/thumb2-39060-1416355640.png,39060,"Floppy Friends Puppy 10.5"""
http://www.anipet.com/product-1.php?item=39173,http://www.anipet.com/prod_images/thumb2-39173-1-1410208799.jpg,39173,"Gigglers Chicken 12"""
http://www.anipet.com/product-1.php?item=39172,http://www.anipet.com/prod_images/thumb2-39172-1410208676.jpg,39172,"Gigglers Hedgehog 12"""
http://www.anipet.com/product-1.php?item=39174,http://www.anipet.com/prod_images/thumb2-39174-1410208965.jpg,39174,"Gigglers Pals 12"""
http://www.anipet.com/product-1.php?item=32900,http://www.anipet.com/prod_images/no-img-sm.gif,32900,"Ginormous Invincibles Snake  65"""
http://www.anipet.com/product-1.php?item=21479,http://www.anipet.com/prod_images/thumb2-21479-1410291469.jpg,21479,Go Active 3 Point Tug
http://www.anipet.com/product-1.php?item=21484,http://www.anipet.com/prod_images/thumb2-21484-1410292806.jpg,21484,Go Active Odd Stick Large
http://www.anipet.com/product-1.php?item=21483,http://www.anipet.com/prod_images/thumb2-21483-1410292704.jpg,21483,Go Active Odd Stick Small
http://www.anipet.com/product-1.php?item=21480,http://www.anipet.com/prod_images/thumb2-21480-1410291693.jpg,21480,Go Active Oddball
http://www.anipet.com/product-1.php?item=28830,http://www.anipet.com/prod_images/thumb2-28830-1364919873.jpg,28830,Healthy Edible/Durachew Giant 2PK
http://www.anipet.com/product-1.php?item=29010,http://www.anipet.com/prod_images/thumb2-29010-1413410204.jpg,29010,Heggie Army Plush Toy
http://www.anipet.com/product-1.php?item=29011,http://www.anipet.com/prod_images/thumb2-29011-1413410498.jpg,29011,Heggie Chef Plush Toy
http://www.anipet.com/product-1.php?item=29008,http://www.anipet.com/prod_images/thumb2-29008-1413405065.jpg,29008,Heggie Farmer Plush Toy
http://www.anipet.com/product-1.php?item=29009,http://www.anipet.com/prod_images/thumb2-29009-1413409205.jpg,29009,Heggie Fisherman Plush Toy
http://www.anipet.com/product-1.php?item=29013,http://www.anipet.com/prod_images/thumb2-29013-1413411164.jpg,29013,Heggie Super Plush Toy
http://www.anipet.com/product-1.php?item=29012,http://www.anipet.com/prod_images/thumb2-29012-1413410715.jpg,29012,Heggie Winter Plush Toy
http://www.anipet.com/product-1.php?item=39175,http://www.anipet.com/prod_images/thumb2-39175-1410213706.jpg,39175,"Hoots Assorted 3"""
http://www.anipet.com/product-1.php?item=39176,http://www.anipet.com/prod_images/thumb2-39175-1410213817.jpg,39176,"Hoots Assorted 4.75"""
http://www.anipet.com/product-1.php?item=24343,http://www.anipet.com/prod_images/thumb2-24342-1419267041.png,24343,Huggz Fox Large
http://www.anipet.com/product-1.php?item=24342,http://www.anipet.com/prod_images/thumb2-24342-1419266891.png,24342,Huggz Fox Small
http://www.anipet.com/product-1.php?item=24345,http://www.anipet.com/prod_images/thumb2-24344-45-1419268374.png,24345,Huggz Hedgehog Large
http://www.anipet.com/product-1.php?item=24344,http://www.anipet.com/prod_images/thumb2-24344-45-1419267390.png,24344,Huggz Hedgehog Small
http://www.anipet.com/product-1.php?item=24347,http://www.anipet.com/prod_images/thumb2-24346-47-1419268789.png,24347,Huggz Koala Large
http://www.anipet.com/product-1.php?item=24346,http://www.anipet.com/prod_images/thumb2-24346-47-1419268508.png,24346,Huggz Koala Small
http://www.anipet.com/product-1.php?item=24349,http://www.anipet.com/prod_images/thumb2-24348-49-1419269372.png,24349,Huggz Skunk Large
http://www.anipet.com/product-1.php?item=24348,http://www.anipet.com/prod_images/thumb2-24348-49-1419269254.png,24348,Huggz Skunk Small
http://www.anipet.com/product-1.php?item=32917,http://www.anipet.com/prod_images/no-img-sm.gif,32917,Invincibles Frog Grn/Purple w/4Squeaker
http://www.anipet.com/product-1.php?item=32919,http://www.anipet.com/prod_images/no-img-sm.gif,32919,Invincibles Frog Grn/Purple w/6Squeaker
http://www.anipet.com/product-1.php?item=32920,http://www.anipet.com/prod_images/no-img-sm.gif,32920,Invincibles Frog Orange Pink with 6 Squeaker
http://www.anipet.com/product-1.php?item=32918,http://www.anipet.com/prod_images/no-img-sm.gif,32918,Invincibles Frog Org/Pink w/4 Squeaker
http://www.anipet.com/product-1.php?item=32916,http://www.anipet.com/prod_images/no-img-sm.gif,32916,Invincibles Gecko Red/Orange 4 Squeaker
http://www.anipet.com/product-1.php?item=32913,http://www.anipet.com/prod_images/no-img-sm.gif,32913,Invincibles Gecko Yellow/Grn 2 Squeaker
http://www.anipet.com/product-1.php?item=32915,http://www.anipet.com/prod_images/no-img-sm.gif,32915,Invincibles Gecko Yellow/Grn 4 Squeaker
http://www.anipet.com/product-1.php?item=32905,http://www.anipet.com/prod_images/no-img-sm.gif,32905,Invincibles Mini Dog
http://www.anipet.com/product-1.php?item=32906,http://www.anipet.com/prod_images/no-img-sm.gif,32906,Invincibles Mini Duck
http://www.anipet.com/product-1.php?item=32907,http://www.anipet.com/prod_images/no-img-sm.gif,32907,Invincibles Mini Hedgehog
http://www.anipet.com/product-1.php?item=32908,http://www.anipet.com/prod_images/no-img-sm.gif,32908,Invincibles Mini Pig
http://www.anipet.com/product-1.php?item=32910,http://www.anipet.com/prod_images/no-img-sm.gif,32910,Invincibles Snake Blue/Green w3Squeaker
http://www.anipet.com/product-1.php?item=32912,http://www.anipet.com/prod_images/no-img-sm.gif,32912,Invincibles Snake Blue/Grn w/6 Squeaker
http://www.anipet.com/product-1.php?item=32909,http://www.anipet.com/prod_images/no-img-sm.gif,32909,Invincibles Snake Orange & Blue with 3 Squeakers
http://www.anipet.com/product-1.php?item=31441,http://www.anipet.com/prod_images/thumb2-31441-1411424322.jpg,31441,Longidudes Fox
http://www.anipet.com/product-1.php?item=31442,http://www.anipet.com/prod_images/thumb2-31442-1411424410.jpg,31442,Longidudes Giraffe
http://www.anipet.com/product-1.php?item=31443,http://www.anipet.com/prod_images/thumb2-31443-1411424528.jpg,31443,Longidudes Rabbit
http://www.anipet.com/product-1.php?item=31444,http://www.anipet.com/prod_images/thumb2-31444-1411424673.jpg,31444,Longidudes Racoon
http://www.anipet.com/product-1.php?item=32982,http://www.anipet.com/prod_images/thumb2-32982-1413489111.jpg,32982,"Loofa Birthday Dog Assorted 12"""
http://www.anipet.com/product-1.php?item=31445,http://www.anipet.com/prod_images/thumb2-31445-1411424823.jpg,31445,Mesh Lil Roamers Elephant
http://www.anipet.com/product-1.php?item=31446,http://www.anipet.com/prod_images/thumb2-31446-1411426377.jpg,31446,Mesh Lil Roamers Hippo
http://www.anipet.com/product-1.php?item=31447,http://www.anipet.com/prod_images/thumb2-31447-1411426614.jpg,31447,Mesh Lil Roamers Lion
http://www.anipet.com/product-1.php?item=31448,http://www.anipet.com/prod_images/thumb2-31448-1411426700.jpg,31448,Mesh Lil Roamers Rhino
http://www.anipet.com/product-1.php?item=31487,http://www.anipet.com/prod_images/thumb2-31487-1410282967.jpg,31487,Mumbo Jumbos Frog
http://www.anipet.com/product-1.php?item=31488,http://www.anipet.com/prod_images/thumb2-31488-1410283186.jpg,31488,Mumbo Jumbos Leopard
http://www.anipet.com/product-1.php?item=31489,http://www.anipet.com/prod_images/thumb2-mumbo_pig-1411425917.jpg,31489,Mumbo Jumbos Pig
http://www.anipet.com/product-1.php?item=27167,http://www.anipet.com/prod_images/thumb2-ng2013nat-1409865602.jpg,27167,Nyla Galileo Natural  Souper
http://www.anipet.com/product-1.php?item=27166,http://www.anipet.com/prod_images/thumb2-ng205-1409865585.jpg,27166,Nyla Galileo Natural  Wolf
http://www.anipet.com/product-1.php?item=21474,http://www.anipet.com/prod_images/thumb2-nylaflex_prop-1409848346.jpg,21474,NylaFlex Propeller
http://www.anipet.com/product-1.php?item=21476,http://www.anipet.com/prod_images/thumb2-21476-1410289666.jpg,21476,NylaFlex Wavy Arm Large
http://www.anipet.com/product-1.php?item=21475,http://www.anipet.com/prod_images/thumb2-21475-1410289453.jpg,21475,NylaFlex Wavy Arm Small
http://www.anipet.com/product-1.php?item=21478,http://www.anipet.com/prod_images/thumb2-21478-1410289937.jpg,21478,NylaFlex Weave Bone Large
http://www.anipet.com/product-1.php?item=21477,http://www.anipet.com/prod_images/thumb2-21477-1410289781.jpg,21477,NylaFlex Weave Bone Small
http://www.anipet.com/product-1.php?item=31449,http://www.anipet.com/prod_images/thumb2-31449-1411426959.jpg,31449,Oh Naturelle Blue Solid Teddy Bear
http://www.anipet.com/product-1.php?item=31458,http://www.anipet.com/prod_images/thumb2-31458-1411490597.jpg,31458,Oh Naturelle Country Alligator
http://www.anipet.com/product-1.php?item=31459,http://www.anipet.com/prod_images/thumb2-31459-1411490660.jpg,31459,Oh Naturelle Country Bull
http://www.anipet.com/product-1.php?item=31460,http://www.anipet.com/prod_images/thumb2-31460-1411490870.jpg,31460,Oh Naturelle Country Duck
http://www.anipet.com/product-1.php?item=31461,http://www.anipet.com/prod_images/thumb2-31461-1411491082.jpg,31461,Oh Naturelle Country Pig
http://www.anipet.com/product-1.php?item=31462,http://www.anipet.com/prod_images/thumb2-31462-1411492590.jpg,31462,Oh Naturelle Forest Fox
http://www.anipet.com/product-1.php?item=31455,http://www.anipet.com/prod_images/thumb2-31455-1411489749.jpg,31455,Oh Naturelle Ranch Dog
http://www.anipet.com/product-1.php?item=31456,http://www.anipet.com/prod_images/thumb2-31456-1411489706.jpg,31456,Oh Naturelle Ranch Frog
http://www.anipet.com/product-1.php?item=31457,http://www.anipet.com/prod_images/thumb2-31457-1411489824.jpg,31457,Oh Naturelle Ranch Horse
http://www.anipet.com/product-1.php?item=31453,http://www.anipet.com/prod_images/thumb2-31451-1411427446.jpg,31453,Oh Naturelle Yellow Solid Teddy Bear
http://www.anipet.com/product-1.php?item=15576,http://www.anipet.com/prod_images/thumb2-15576-1415658385.jpg,15576,"Play Strong Rubber ""S"" Bone 12"""
http://www.anipet.com/product-1.php?item=15577,http://www.anipet.com/prod_images/thumb2-15577jpg-1415658501.jpg,15577,"Play Strong Rubber ""Y"" 6"""
http://www.anipet.com/product-1.php?item=15573,http://www.anipet.com/prod_images/thumb2-15573-75-1415658040.jpg,15573,"Play Strong Rubber Bone 4.5"""
http://www.anipet.com/product-1.php?item=15574,http://www.anipet.com/prod_images/thumb2-15573-75-1415658221.jpg,15574,"Play Strong Rubber Bone 5.5"""
http://www.anipet.com/product-1.php?item=15575,http://www.anipet.com/prod_images/thumb2-15573-75-1415658290.jpg,15575,"Play Strong Rubber Bone 6.5"""
http://www.anipet.com/product-1.php?item=21448,http://www.anipet.com/prod_images/thumb2-21448-1410819814.jpg,21448,Pull and Squeak Cylinder Medium/Large
http://www.anipet.com/product-1.php?item=21449,http://www.anipet.com/prod_images/thumb2-21449-1410819911.jpg,21449,Pull and Squeak Football Medium/Large
http://www.anipet.com/product-1.php?item=21450,http://www.anipet.com/prod_images/thumb2-21450-1410820019.jpg,21450,Pull and Squeak Propeller Medium/Large
http://www.anipet.com/product-1.php?item=21491,http://www.anipet.com/prod_images/thumb2-21491-1410294306.jpg,21491,Puppy Chew Dental Blue Petite
http://www.anipet.com/product-1.php?item=21494,http://www.anipet.com/prod_images/thumb2-21494-1410294543.jpg,21494,Puppy Chew Dental Pink Petite
http://www.anipet.com/product-1.php?item=21492,http://www.anipet.com/prod_images/thumb2-21492-1410294389.jpg,21492,Puppy Chew Wishbone Blue Petite
http://www.anipet.com/product-1.php?item=21495,http://www.anipet.com/prod_images/thumb2-21495-1410294615.jpg,21495,Puppy Chew Wishbone Pink Petite
http://www.anipet.com/product-1.php?item=21493,http://www.anipet.com/prod_images/thumb2-21493-1410294459.jpg,21493,Puppy Chew/Peanut Butter Petite 2PK
http://www.anipet.com/product-1.php?item=26612,http://www.anipet.com/prod_images/thumb2-26612-1352489900.jpg,26612,Puppy Starter Kit 3PK
http://www.anipet.com/product-1.php?item=19918,http://www.anipet.com/prod_images/thumb2-19918-1384971884.jpg,19918,Puppy Twin Pack Wolf Dura/Flexi Combo
http://www.anipet.com/product-1.php?item=19917,http://www.anipet.com/prod_images/thumb2-19917-1384971617.jpg,19917,Puppy Twin Pack Wolf Ring/Flexi Combo
http://www.anipet.com/product-1.php?item=27153,http://www.anipet.com/prod_images/thumb2-27090-1352501320.jpg,27153,PuppyChew Bone Chicken Regular
http://www.anipet.com/product-1.php?item=27090,http://www.anipet.com/prod_images/thumb2-27090-1352495801.jpg,27090,PuppyChew Bone Chicken Wolf
http://www.anipet.com/product-1.php?item=27091,http://www.anipet.com/prod_images/thumb2-27091-1356720354.jpg,27091,PuppyChew Chicken Souper
http://www.anipet.com/product-1.php?item=21394,http://www.anipet.com/prod_images/thumb2-21392-1352489768.jpg,21394,PuppyChew Ring Bone Chicken Souper
http://www.anipet.com/product-1.php?item=21393,http://www.anipet.com/prod_images/thumb2-21392-1352489673.jpg,21393,PuppyChew Ring Bone Chicken Wolf
http://www.anipet.com/product-1.php?item=21392,http://www.anipet.com/prod_images/thumb2-21392-1352489588.jpg,21392,PuppyChew Ring Bone Chicken XSmall
http://www.anipet.com/product-1.php?item=39177,http://www.anipet.com/prod_images/thumb2-39177-1410213978.jpg,39177,"Quacks Assorted 4"""
http://www.anipet.com/product-1.php?item=39178,http://www.anipet.com/prod_images/thumb2-39177-1410214145.jpg,39178,"Quacks Assorted 6"""
http://www.anipet.com/product-1.php?item=31493,http://www.anipet.com/prod_images/thumb2-31493-1410283523.jpg,31493,Sea Crinklers Dolphin
http://www.anipet.com/product-1.php?item=31494,http://www.anipet.com/prod_images/thumb2-31494-1410283640.jpg,31494,Sea Crinklers Orca
http://www.anipet.com/product-1.php?item=31495,http://www.anipet.com/prod_images/thumb2-31495-1410283706.jpg,31495,Sea Crinklers Seal
http://www.anipet.com/product-1.php?item=31496,http://www.anipet.com/prod_images/thumb2-31496-1410283765.jpg,31496,Sea Crinklers Shark
http://www.anipet.com/product-1.php?item=27475,http://www.anipet.com/prod_images/thumb2-27475-1410822990.jpg,27475,Senior Kong Large
http://www.anipet.com/product-1.php?item=39075,http://www.anipet.com/prod_images/thumb2-39072-1410888225.jpg,39075,Shaker Caterpillar Large/XLarge
http://www.anipet.com/product-1.php?item=39072,http://www.anipet.com/prod_images/thumb2-39072-1410887087.jpg,39072,Shaker Caterpillar Medium/Large
http://www.anipet.com/product-1.php?item=39076,http://www.anipet.com/prod_images/thumb2-39073-1410888330.jpg,39076,Shaker Dog Large/XLarge
http://www.anipet.com/product-1.php?item=39073,http://www.anipet.com/prod_images/thumb2-39073-1410887243.jpg,39073,Shaker Dog Medium/Large
http://www.anipet.com/product-1.php?item=39074,http://www.anipet.com/prod_images/thumb2-39071-1410887402.jpg,39074,Shaker Dragon Large/XLarge
http://www.anipet.com/product-1.php?item=39071,http://www.anipet.com/prod_images/thumb2-39071-1410886895.jpg,39071,Shaker Dragon Medium/Large
http://www.anipet.com/product-1.php?item=32979,http://www.anipet.com/prod_images/thumb2-32979-1413488754.jpg,32979,"Silly Sandwiches Chicken 9.5"""
http://www.anipet.com/product-1.php?item=32976,http://www.anipet.com/prod_images/thumb2-32976-1413487128.jpg,32976,"Silly Sandwiches Ham 9.5"""
http://www.anipet.com/product-1.php?item=32977,http://www.anipet.com/prod_images/thumb2-32977-1413487750.jpg,32977,Silly Sandwiches Roast Beef 9.5
http://www.anipet.com/product-1.php?item=32978,http://www.anipet.com/prod_images/thumb2-32978-1413488038.jpg,32978,"Silly Sandwiches Turkey 9.5"""
http://www.anipet.com/product-1.php?item=39163,http://www.anipet.com/prod_images/thumb2-39163-1410206630.jpg,39163,"Skinneeez Crinklers Bird 14"""
http://www.anipet.com/product-1.php?item=39164,http://www.anipet.com/prod_images/thumb2-39163-1410206720.jpg,39164,"Skinneeez Crinklers Bird 23"""
http://www.anipet.com/product-1.php?item=39165,http://www.anipet.com/prod_images/thumb2-39165-66-1410207250.jpg,39165,"Skinneeez Crinklers Cow 14"""
http://www.anipet.com/product-1.php?item=39166,http://www.anipet.com/prod_images/thumb2-39165-66-1410207569.jpg,39166,"Skinneeez Crinklers Cow 23"""
http://www.anipet.com/product-1.php?item=39167,http://www.anipet.com/prod_images/thumb2-39167-1410207699.jpg,39167,"Skinneeez Jumbo Bite Cow 24"""
http://www.anipet.com/product-1.php?item=39169,http://www.anipet.com/prod_images/thumb2-39169-1410207981.jpg,39169,"Skinneeez Jumbo Bite Duck 24"""
http://www.anipet.com/product-1.php?item=39168,http://www.anipet.com/prod_images/thumb2-39168-1410207801.jpg,39168,"Skinneeez Jumbo Bite Pig 24"""
http://www.anipet.com/product-1.php?item=27172,http://www.anipet.com/prod_images/thumb2-27172-1356720395.jpg,27172,Small Dog Value Pack Small
http://www.anipet.com/product-1.php?item=24337,http://www.anipet.com/prod_images/thumb2-24336-1418928428.png,24337,Tennis Pals Beaver Large
http://www.anipet.com/product-1.php?item=24336,http://www.anipet.com/prod_images/thumb2-24336-1418927593.png,24336,Tennis Pals Beaver Small
http://www.anipet.com/product-1.php?item=24341,http://www.anipet.com/prod_images/thumb2-24340-1418931563.png,24341,Tennis Pals Hedgehog Large
http://www.anipet.com/product-1.php?item=24340,http://www.anipet.com/prod_images/thumb2-24340-1418930639.png,24340,Tennis Pals Hedgehog Small
http://www.anipet.com/product-1.php?item=24339,http://www.anipet.com/prod_images/thumb2-24338-1418930225.png,24339,Tennis Pals Lamb Large
http://www.anipet.com/product-1.php?item=24338,http://www.anipet.com/prod_images/thumb2-24338-1418929356.png,24338,Tennis Pals Lamb Small
http://www.anipet.com/product-1.php?item=39222,http://www.anipet.com/prod_images/thumb2-00451-1416355999.jpg,39222,"Tough Pals Anchor 12"""
http://www.anipet.com/product-1.php?item=39235,http://www.anipet.com/prod_images/thumb2-39235-1416416212.png,39235,"Tough Pals Bat 17"""
http://www.anipet.com/product-1.php?item=39227,http://www.anipet.com/prod_images/thumb2-39227-1416412518.png,39227,"Tough Pals Bighorn Sheep 10"""
http://www.anipet.com/product-1.php?item=39231,http://www.anipet.com/prod_images/thumb2-39231-1416415929.png,39231,"Tough Pals Bone 10"""
http://www.anipet.com/product-1.php?item=39046,http://www.anipet.com/prod_images/thumb2-39046-1416258769.jpg,39046,"Tough Pals Bunny 11"""
http://www.anipet.com/product-1.php?item=39234,http://www.anipet.com/prod_images/thumb2-39234-1416416127.png,39234,"Tough Pals Crocodile 16"""
http://www.anipet.com/product-1.php?item=39221,http://www.anipet.com/prod_images/thumb2-39221-1416355907.png,39221,"Tough Pals Dolphin 10"""
http://www.anipet.com/product-1.php?item=39049,http://www.anipet.com/prod_images/thumb2-39049-1416353497.png,39049,"Tough Pals Duck 10"""
http://www.anipet.com/product-1.php?item=39237,http://www.anipet.com/prod_images/thumb2-39237-1416416820.png,39237,"Tough Pals Elephant 10"""
http://www.anipet.com/product-1.php?item=39233,http://www.anipet.com/prod_images/thumb2-39233-1416416031.png,39233,"Tough Pals Girrafe 14"""
http://www.anipet.com/product-1.php?item=39236,http://www.anipet.com/prod_images/thumb2-39236-1416416317.png,39236,"Tough Pals Hippo 10"""
http://www.anipet.com/product-1.php?item=39228,http://www.anipet.com/prod_images/thumb2-39228-1416412697.png,39228,"Tough Pals Horse 10"""
http://www.anipet.com/product-1.php?item=39243,http://www.anipet.com/prod_images/thumb2-39243-1416418145.png,39243,"Tough Pals Lobster 12"""
http://www.anipet.com/product-1.php?item=39229,http://www.anipet.com/prod_images/thumb2-39229-1416413335.png,39229,"Tough Pals Longhorn 10"""
http://www.anipet.com/product-1.php?item=39048,http://www.anipet.com/prod_images/thumb2-39048-1416353460.png,39048,"Tough Pals Monkey 10"""
http://www.anipet.com/product-1.php?item=39241,http://www.anipet.com/prod_images/thumb2-39241-1416416907.png,39241,"Tough Pals Octopus 10"""
http://www.anipet.com/product-1.php?item=39242,http://www.anipet.com/prod_images/thumb2-39242-1416417106.png,39242,"Tough Pals Parrot 13"""
http://www.anipet.com/product-1.php?item=39225,http://www.anipet.com/prod_images/thumb2-39225-1416356832.png,39225,"Tough Pals Pelican 10"""
http://www.anipet.com/product-1.php?item=39238,http://www.anipet.com/prod_images/thumb2-39238-1416416705.png,39238,"Tough Pals Rhino 10"""
http://www.anipet.com/product-1.php?item=39226,http://www.anipet.com/prod_images/thumb2-39226-1416411983.png,39226,"Tough Pals Seal 10"""
http://www.anipet.com/product-1.php?item=39224,http://www.anipet.com/prod_images/thumb2-39224-1416356162.png,39224,"Tough Pals Shark 10"""
http://www.anipet.com/product-1.php?item=39244,http://www.anipet.com/prod_images/thumb2-39244-1416418241.png,39244,"Tough Pals Spider 14"""
http://www.anipet.com/product-1.php?item=39223,http://www.anipet.com/prod_images/thumb2-39223-1416356065.png,39223,"Tough Pals Turtle 10"""
http://www.anipet.com/product-1.php?item=31490,http://www.anipet.com/prod_images/thumb2-31490-1411495282.jpg,31490,Tummy Tumblers Bear
http://www.anipet.com/product-1.php?item=31491,http://www.anipet.com/prod_images/thumb2-31491-1411495454.jpg,31491,Tummy Tumblers Duck
http://www.anipet.com/product-1.php?item=31492,http://www.anipet.com/prod_images/thumb2-31492-1411495778.jpg,31492,Tummy Tumblers Frog
http://www.anipet.com/product-1.php?item=39179,http://www.anipet.com/prod_images/thumb2-39179-1410214599.jpg,39179,"Tweets Assorted 4"""
http://www.anipet.com/product-1.php?item=39180,http://www.anipet.com/prod_images/thumb2-39179-1410214689.jpg,39180,"Tweets Assorted 6"""
http://www.anipet.com/product-1.php?item=39051,http://www.anipet.com/prod_images/thumb2-39051-1416353677.png,39051,"Wild Critters Boar 10"""
http://www.anipet.com/product-1.php?item=39050,http://www.anipet.com/prod_images/thumb2-39050-1416353610.png,39050,"Wild Critters Mallard 10"""
http://www.anipet.com/product-1.php?item=39068,http://www.anipet.com/prod_images/thumb2-39067-1410884861.jpg,39068,Wubba Weave Large
http://www.anipet.com/product-1.php?item=39067,http://www.anipet.com/prod_images/thumb2-39067-1410884610.jpg,39067,Wubba Weave Small
http://www.anipet.com/product-1.php?item=39069,http://www.anipet.com/prod_images/thumb2-39067-1410885146.jpg,39069,Wubba Weave XLarge
http://www.anipet.com/product-1.php?item=39181,http://www.anipet.com/prod_images/thumb2-39181-1410215015.jpg,39181,"Yoga Pups Assorted 11"""
http://www.anipet.com/product-1.php?item=38998,http://www.anipet.com/prod_images/thumb2-38998-1428533225.jpg,38998,Jolly Ball Bounce-n-Play - Blueberry 4.5
http://www.anipet.com/product-1.php?item=39003,http://www.anipet.com/prod_images/thumb2-38998-1428533284.jpg,39003,Jolly Ball Bounce-n-Play - Blueberry 8
http://www.anipet.com/product-1.php?item=38999,http://www.anipet.com/prod_images/thumb2-38999-1428533237.jpg,38999,Jolly Ball Bounce-n-Play - Pink 4.5
http://www.anipet.com/product-1.php?item=39001,http://www.anipet.com/prod_images/thumb2-38999-1428533259.jpg,39001,Jolly Ball Bounce-n-Play - Pink 6
http://www.anipet.com/product-1.php?item=39004,http://www.anipet.com/prod_images/thumb2-38999-1428533296.jpg,39004,Jolly Ball Bounce-n-Play - Pink 8
http://www.anipet.com/product-1.php?item=29071,http://www.anipet.com/prod_images/thumb2-29047_29051-1428532711.jpg,29071,Jolly Ball Tug-n-Toss - Pink 10
http://www.anipet.com/product-1.php?item=29067,http://www.anipet.com/prod_images/thumb2-29044_48_52_67-1428532692.jpg,29067,Jolly Ball Tug-n-Toss - Red 10
http://www.anipet.com/product-1.php?item=26300,http://www.anipet.com/prod_images/thumb2-fire_hose-1410813852.jpg,26300,Fire Hose Squeak 'N Fetch Small
http://www.anipet.com/product-1.php?item=29052,http://www.anipet.com/prod_images/thumb2-29044_48_52_67-1428532585.jpg,29052,Jolly Ball  Tug-n-Toss - Red 8
http://www.anipet.com/product-1.php?item=39000,http://www.anipet.com/prod_images/thumb2-38998-1428533248.jpg,39000,Jolly Ball Bounce-n-Play - Blueberry 6
http://www.anipet.com/product-1.php?item=29077,http://www.anipet.com/prod_images/thumb2-29077-1428533210.jpg,29077,Jolly Ball Bounce-n-Play - Orange 4.5
http://www.anipet.com/product-1.php?item=39002,http://www.anipet.com/prod_images/thumb2-29077-1428533273.jpg,39002,Jolly Ball Bounce-n-Play - Orange 6
http://www.anipet.com/product-1.php?item=39005,http://www.anipet.com/prod_images/thumb2-29077-1428533315.jpg,39005,Jolly Ball Bounce-n-Play - Orange 8
http://www.anipet.com/product-1.php?item=29001,http://www.anipet.com/prod_images/thumb2-29001_05-1428532196.jpg,29001,Jolly Ball Romp-n-Roll - Blue 6
http://www.anipet.com/product-1.php?item=29005,http://www.anipet.com/prod_images/thumb2-29001_05-1428532184.jpg,29005,Jolly Ball Romp-n-Roll - Blue 8
http://www.anipet.com/product-1.php?item=29007,http://www.anipet.com/prod_images/thumb2-29003_07-1428532261.jpg,29007,Jolly Ball Romp-n-Roll - Pink 8
http://www.anipet.com/product-1.php?item=29002,http://www.anipet.com/prod_images/thumb2-29002-1428532229.jpg,29002,Jolly Ball Romp-n-Roll - Purple 6
http://www.anipet.com/product-1.php?item=29006,http://www.anipet.com/prod_images/thumb2-29002-1428532215.jpg,29006,Jolly Ball Romp-n-Roll - Purple 8
http://www.anipet.com/product-1.php?item=29000,http://www.anipet.com/prod_images/thumb2-29000_04-1428532157.jpg,29000,Jolly Ball Romp-n-Roll - Red 6
http://www.anipet.com/product-1.php?item=29004,http://www.anipet.com/prod_images/thumb2-29000_04-1428532171.jpg,29004,Jolly Ball Romp-n-Roll - Red 8
http://www.anipet.com/product-1.php?item=29003,http://www.anipet.com/prod_images/thumb2-29003_07-1428532246.jpg,29003,Jolly Ball Romp-n-Roll- Pink 6
http://www.anipet.com/product-1.php?item=39007,http://www.anipet.com/prod_images/thumb2-29001_05-1428533342.jpg,39007,Jolly Ball Romp-Roll - Blue 4.5
http://www.anipet.com/product-1.php?item=39009,http://www.anipet.com/prod_images/thumb2-29003_07-1428533370.jpg,39009,Jolly Ball Romp-Roll - Pink 4.5
http://www.anipet.com/product-1.php?item=39008,http://www.anipet.com/prod_images/thumb2-29002-1428533356.jpg,39008,Jolly Ball Romp-Roll - Purple 4.5
http://www.anipet.com/product-1.php?item=39006,http://www.anipet.com/prod_images/thumb2-29000_04-1428533330.jpg,39006,Jolly Ball Romp-Roll - Red 4.5
http://www.anipet.com/product-1.php?item=29059,http://www.anipet.com/prod_images/thumb2-29045_49_53-1428532679.jpg,29059,Jolly Ball Tug-n-Toss - Blue 10
http://www.anipet.com/product-1.php?item=29045,http://www.anipet.com/prod_images/thumb2-29045_49_53-1428532461.jpg,29045,Jolly Ball Tug-n-Toss - Blue 4.5
http://www.anipet.com/product-1.php?item=29049,http://www.anipet.com/prod_images/thumb2-29045_49_53-1428532540.jpg,29049,Jolly Ball Tug-n-Toss - Blue 6
http://www.anipet.com/product-1.php?item=29053,http://www.anipet.com/prod_images/thumb2-29045_49_53-1428532604.jpg,29053,Jolly Ball Tug-n-Toss - Blue 8
http://www.anipet.com/product-1.php?item=29047,http://www.anipet.com/prod_images/thumb2-29047_29051-1428532505.jpg,29047,Jolly Ball Tug-n-Toss - Pink 4.5
http://www.anipet.com/product-1.php?item=29051,http://www.anipet.com/prod_images/thumb2-29047_29051-1428532573.jpg,29051,Jolly Ball Tug-n-Toss - Pink 6
http://www.anipet.com/product-1.php?item=29055,http://www.anipet.com/prod_images/thumb2-29047_29051-1428532641.jpg,29055,Jolly Ball Tug-n-Toss - Pink 8
http://www.anipet.com/product-1.php?item=29058,http://www.anipet.com/prod_images/thumb2-29046_50_54_58-1428532665.jpg,29058,Jolly Ball Tug-n-Toss - Purple 10
http://www.anipet.com/product-1.php?item=29046,http://www.anipet.com/prod_images/thumb2-29046_50_54_58-1428532483.jpg,29046,Jolly Ball Tug-n-Toss - Purple 4.5
http://www.anipet.com/product-1.php?item=29050,http://www.anipet.com/prod_images/thumb2-29046_50_54_58-1428532552.jpg,29050,Jolly Ball Tug-n-Toss - Purple 6
http://www.anipet.com/product-1.php?item=29054,http://www.anipet.com/prod_images/thumb2-29046_50_54_58-1428532617.jpg,29054,Jolly Ball Tug-n-Toss - Purple 8
http://www.anipet.com/product-1.php?item=29044,http://www.anipet.com/prod_images/thumb2-29044_48_52_67-1428532446.jpg,29044,Jolly Ball Tug-n-Toss - Red 4.5
http://www.anipet.com/product-1.php?item=29048,http://www.anipet.com/prod_images/thumb2-29044_48_52_67-1428532528.jpg,29048,Jolly Ball Tug-n-Toss - Red 6
http://www.anipet.com/product-1.php?item=39013,http://www.anipet.com/prod_images/thumb2-39013-1428533549.jpg,39013,Jolly Critter II Raccoon - Blue 4.5
http://www.anipet.com/product-1.php?item=39014,http://www.anipet.com/prod_images/thumb2-39014-1428533485.jpg,39014,Jolly Critter II Raccoon - Orange 4.5
http://www.anipet.com/product-1.php?item=39011,http://www.anipet.com/prod_images/thumb2-39011-1428533624.jpg,39011,Jolly Critter II Squirrel - Blue 4.5
http://www.anipet.com/product-1.php?item=39012,http://www.anipet.com/prod_images/thumb2-39012-1428533636.jpg,39012,Jolly Critter II Squirrel - Orange 4.5
http://www.anipet.com/product-1.php?item=39015,http://www.anipet.com/prod_images/thumb2-39015-1383327845.jpg,39015,Jolly Football - Orange
http://www.anipet.com/product-1.php?item=39016,http://www.anipet.com/prod_images/thumb2-39016-1383327886.jpg,39016,Jolly Football - Yellow
http://www.anipet.com/product-1.php?item=19964,http://www.anipet.com/prod_images/thumb3-lrgkickfetch-1348248818.jpg,19964,Kick Fetch - Large
http://www.anipet.com/product-1.php?item=19965,http://www.anipet.com/prod_images/thumb2-19965-1367339205.jpg,19965,Kick Fetch - Small
http://www.anipet.com/product-1.php?item=26980,http://www.anipet.com/prod_images/thumb2-26981-1352751385.jpg,26980,Powerful Pursuit Boomer Ball Large 8
http://www.anipet.com/product-1.php?item=26979,http://www.anipet.com/prod_images/thumb2-26981-1352751327.jpg,26979,Powerful Pursuit Boomer Ball Medium 6
http://www.anipet.com/product-1.php?item=26978,http://www.anipet.com/prod_images/thumb2-26981-1352751273.jpg,26978,Powerful Pursuit Boomer Ball Small 4
http://www.anipet.com/product-1.php?item=26981,http://www.anipet.com/prod_images/thumb2-26981-1352751151.jpg,26981,Powerful Pursuit Boomer Ball XLarge 10
http://www.anipet.com/product-1.php?item=28841,http://www.anipet.com/prod_images/thumb2-28841-1352743503.jpg,28841,Advanced Oral Care Dental Wipes
http://www.anipet.com/product-1.php?item=19989,http://www.anipet.com/prod_images/t-19989.jpg,19989,R-7 Oxydental Pads 90 count
http://www.anipet.com/product-1.php?item=20309,http://www.anipet.com/prod_images/t-20309.jpg,20309,LED Mini Urine Finder
